duration,weekday,hour,organization,max_participants,registered_count,attended_count,reward_ratio,tag_קהילה,tag_נגישות,tag_משפחות,tag_קשישים,tag_ילדים,tag_נוער,tag_חינוך,tag_פיזי,tag_גיוס,tag_אריזה,tag_מטבח,tag_בריאות,tag_עזרה ראשונה,tag_בעלי חיים,tag_סביבה,tag_טכנולוגיה,tag_אירועים,tag_תרומות,tag_צבא
90,3,20,גדולים מהחיים,18,15,9,0.45,0,0,0,0,0,0,0,0,0,0,0,0,1,0,0,0,0,0,0
150,0,19,נובה,10,4,2,0.75,0,0,0,0,0,0,1,0,0,0,0,0,0,0,0,0,0,0,0
120,6,12,לב אחד,26,12,12,0.6,0,0,0,1,0,0,0,0,0,0,0,0,0,1,0,0,0,0,1
90,1,9,לב אחד,11,4,4,0.75,1,0,0,0,0,0,0,1,0,0,0,0,0,0,0,1,0,0,0
90,4,17,גדולים מהחיים,7,0,0,0.75,0,0,0,0,0,0,0,1,0,1,0,1,0,1,0,0,0,0,0
90,0,14,גדולים מהחיים,7,3,2,0.75,0,0,0,0,0,0,1,0,0,0,1,1,0,0,0,1,0,0,0
60,0,20,גדולים מהחיים,13,10,8,0.4,0,0,1,0,0,0,1,0,0,0,0,0,0,0,0,0,0,1,0
60,0,14,יד שרה,11,6,2,0.5,0,0,0,0,0,1,0,0,0,0,0,0,0,0,1,0,0,0,0
180,1,19,נובה,28,16,11,1.0,0,0,0,0,0,0,0,1,0,0,0,0,0,0,0,0,0,1,0
90,0,11,גדולים מהחיים,13,5,3,0.75,0,0,0,0,0,0,0,1,0,0,1,0,1,0,0,0,1,0,0
180,3,20,גדולים מהחיים,6,6,5,0.8,0,0,0,0,1,0,0,1,0,1,0,0,0,0,0,1,0,0,0
60,2,15,נובה,15,13,9,0.3,0,0,1,0,0,0,0,0,0,0,0,0,0,0,0,0,0,0,0
90,6,14,לב אחד,21,16,16,0.35,1,0,0,0,0,0,0,0,0,0,0,0,0,1,0,0,1,0,0
180,6,14,לב אחד,6,2,2,0.9,0,0,0,0,0,0,0,1,0,0,0,1,0,0,1,0,0,0,0
60,0,17,יד שרה,22,10,7,0.7,0,0,0,0,0,0,0,0,0,0,1,0,0,0,1,0,0,0,0
90,5,18,לב אחד,9,2,2,0.55,0,0,0,0,0,0,0,0,1,0,0,1,0,0,0,0,0,0,0
150,5,14,לב אחד,18,15,13,0.45,0,0,0,0,0,0,0,0,1,0,0,0,0,0,1,0,0,0,0
60,5,9,נובה,30,17,12,0.5,0,1,0,1,0,0,0,0,0,0,1,0,1,0,0,0,1,0,0
180,5,20,לתת,25,19,13,0.6,0,0,0,0,0,1,1,0,0,0,0,1,0,0,0,1,0,0,0
90,3,15,לב אחד,9,4,3,0.75,0,0,0,0,0,1,0,1,1,1,0,0,1,0,0,0,0,0,0
180,0,18,יד שרה,29,23,16,0.5,0,0,0,1,0,0,0,0,0,0,0,1,0,0,0,0,0,1,0
60,2,12,לב אחד,24,9,9,0.7,0,0,0,0,0,0,0,1,0,0,1,1,0,0,0,0,1,0,0
90,3,19,גדולים מהחיים,7,1,1,0.85,0,0,0,0,0,1,1,0,0,0,1,0,0,0,0,0,0,1,0
120,2,10,לתת,6,5,4,0.4,0,1,0,0,1,0,0,0,0,0,0,0,0,0,0,0,0,0,0
60,6,12,יד שרה,29,21,20,0.3,0,0,0,1,0,0,0,0,0,1,0,1,0,0,0,0,1,0,0
150,4,17,נובה,30,23,17,0.45,0,1,0,0,0,1,0,0,1,0,0,0,0,0,0,0,1,1,0
60,3,16,נובה,21,12,8,0.7,0,0,0,1,0,0,0,0,0,0,1,0,0,0,0,0,0,0,0
150,4,20,נובה,24,17,15,0.55,0,0,0,0,0,1,0,0,0,1,0,1,0,0,1,0,1,0,0
90,1,13,לתת,11,4,4,0.75,0,0,0,0,1,0,0,1,0,0,0,0,0,0,0,0,0,0,0
120,4,17,לתת,17,12,12,0.4,0,0,0,0,1,0,1,0,0,0,0,0,0,0,1,0,0,0,0
60,4,13,גדולים מהחיים,23,18,17,0.3,0,0,0,0,0,1,0,0,0,1,0,1,0,0,0,0,0,0,0
60,3,12,יד שרה,14,4,3,0.7,0,0,0,0,0,1,0,0,0,1,0,0,0,0,0,0,0,0,1
120,6,19,לב אחד,22,16,11,0.5,0,0,0,1,0,0,0,0,1,0,0,0,0,0,1,0,0,0,0
180,6,12,לב אחד,5,3,1,0.7,0,0,0,1,0,0,0,0,0,1,0,1,0,1,0,0,0,0,0
90,4,12,יד שרה,22,18,12,0.35,1,0,0,0,0,0,0,0,0,0,0,0,0,0,1,0,1,0,0
120,0,16,לב אחד,21,7,4,0.8,0,0,0,0,0,0,0,0,0,0,0,0,0,0,0,0,0,0,1
120,5,11,לב אחד,9,7,7,0.4,0,0,0,0,0,0,0,0,1,0,0,0,1,0,0,0,0,0,0
60,4,16,נובה,9,4,3,0.5,0,0,0,0,0,0,0,0,0,0,0,0,0,1,0,1,0,0,0
180,2,20,לתת,27,19,17,0.6,0,0,1,0,0,1,0,0,0,0,0,0,0,0,0,0,0,0,0
180,4,15,גדולים מהחיים,7,4,3,0.5,0,1,1,0,1,0,0,0,1,0,0,0,0,0,0,0,0,0,0
120,2,12,נובה,13,8,8,0.4,0,0,0,1,0,0,0,0,0,0,0,0,0,0,1,1,0,0,0
120,2,11,יד שרה,19,11,11,0.4,0,1,0,0,0,1,0,0,1,0,0,0,0,0,0,0,0,0,0
150,1,19,לתת,23,15,15,0.55,0,0,0,0,1,0,0,0,0,0,0,1,0,0,0,0,0,1,0
90,0,15,לתת,5,4,0,0.55,0,1,0,0,0,0,0,0,0,0,0,0,0,1,0,0,0,1,0
120,4,10,יד שרה,7,6,6,0.4,0,1,0,0,0,0,0,0,1,0,0,0,0,0,0,0,0,0,0
120,1,13,נובה,5,5,5,0.4,0,0,0,0,0,1,1,0,0,0,0,0,0,0,0,0,0,0,0
150,1,10,נובה,18,7,7,0.85,0,0,0,0,0,0,1,1,0,0,0,0,0,0,0,0,1,0,0
150,2,12,לתת,29,24,21,0.45,0,0,0,0,1,0,0,0,0,0,0,0,1,1,0,0,0,0,0
180,1,17,לתת,20,8,8,0.7,0,0,1,0,0,0,1,0,0,0,1,0,1,1,0,0,0,0,0
180,5,10,לב אחד,23,18,18,0.5,1,0,0,0,0,0,0,0,0,0,0,0,1,0,0,1,0,0,0
90,6,9,לתת,7,2,2,0.55,0,1,0,0,0,0,0,0,0,1,0,0,0,0,0,0,0,1,0
90,3,10,נובה,8,4,4,0.55,1,0,0,1,0,0,0,1,0,0,0,0,0,1,0,0,0,0,0
60,6,13,יד שרה,11,7,4,0.5,0,1,0,0,0,1,0,0,0,0,0,0,0,1,0,1,0,0,0
120,4,20,יד שרה,28,18,15,0.5,0,0,0,0,0,0,0,0,0,0,0,1,0,0,1,0,0,0,0
180,4,9,גדולים מהחיים,9,7,7,0.5,0,0,1,1,0,0,1,0,0,0,0,0,0,0,0,0,0,0,0
180,2,10,יד שרה,19,11,11,0.7,0,0,0,0,0,0,1,1,0,0,0,0,0,0,1,0,0,0,0
150,5,18,גדולים מהחיים,24,17,17,0.45,0,0,0,0,0,0,0,0,1,1,0,0,0,0,1,0,0,0,0
180,1,17,יד שרה,5,3,1,0.7,1,0,0,0,0,0,0,0,0,0,0,0,1,1,0,0,0,1,0
120,3,16,לב אחד,20,12,12,0.6,0,0,0,1,0,0,0,0,0,0,0,1,0,0,0,0,0,1,1
90,6,19,לב אחד,11,7,3,0.65,0,0,0,1,0,1,0,0,0,0,0,0,0,0,0,1,0,0,0
150,1,16,גדולים מהחיים,11,3,3,0.85,0,0,0,0,0,0,0,0,0,0,1,1,0,0,0,0,1,0,1
180,5,11,יד שרה,17,14,12,0.5,1,0,0,0,1,0,0,0,1,0,0,0,0,0,0,0,0,0,0
90,0,12,יד שרה,18,10,9,0.55,0,0,0,0,0,0,0,0,0,0,1,0,0,0,0,0,0,0,0
150,0,9,לב אחד,8,6,6,0.45,0,0,0,0,0,0,1,0,0,0,0,0,0,0,0,0,0,0,0
180,3,20,יד שרה,12,5,2,1.0,0,0,0,0,0,0,1,0,0,0,1,0,0,0,1,0,0,1,0
90,5,12,לתת,14,5,2,0.75,0,0,0,1,0,0,0,0,0,0,1,0,0,0,1,0,0,0,0
60,2,12,נובה,26,16,13,0.3,0,0,1,0,1,0,1,0,0,0,0,0,0,0,0,0,1,0,0
180,5,10,יד שרה,29,21,17,0.5,0,1,0,1,1,0,0,0,0,0,0,0,0,0,0,0,0,0,0
120,0,18,יד שרה,7,4,3,0.4,0,0,0,0,0,0,0,0,0,0,0,1,0,1,0,1,1,0,0
180,3,9,גדולים מהחיים,14,6,6,0.7,0,0,0,0,0,0,0,1,0,0,0,0,0,0,0,0,0,0,0
150,5,14,גדולים מהחיים,26,13,12,0.65,1,0,0,0,0,0,0,0,0,0,1,0,1,0,0,0,0,1,0
90,4,17,נובה,20,11,7,0.75,0,0,0,0,1,0,0,0,0,0,1,1,0,0,0,0,0,0,1
180,5,20,נובה,17,15,12,0.6,0,1,1,0,1,0,0,0,0,1,0,0,0,0,1,0,0,0,0
120,4,20,לב אחד,28,11,11,0.9,0,0,0,0,0,0,0,1,0,0,0,1,0,0,1,0,0,0,0
60,0,13,לב אחד,17,13,11,0.3,0,0,0,0,0,0,1,0,1,0,0,0,0,0,0,1,0,1,0
120,5,16,לתת,24,11,11,0.6,0,1,1,0,0,0,0,1,0,0,0,0,0,0,0,0,0,0,0
60,0,13,לתת,17,13,12,0.3,1,0,0,0,0,0,0,0,0,0,0,1,0,0,0,0,0,0,0
150,6,19,גדולים מהחיים,13,6,4,0.95,1,0,0,0,0,0,0,0,0,0,1,0,1,0,0,0,0,0,0
90,6,9,לב אחד,9,5,5,0.35,0,1,0,0,0,1,0,0,1,0,0,0,0,0,0,0,0,0,0
120,0,13,יד שרה,28,19,18,0.4,0,0,1,0,0,0,0,0,0,0,0,0,0,0,0,0,0,0,0
60,6,17,נובה,9,7,6,0.3,0,0,0,0,0,1,0,0,0,0,0,0,1,1,0,0,1,0,0
90,5,12,לב אחד,26,21,19,0.35,0,0,0,1,1,0,0,0,0,1,0,0,0,0,0,0,0,0,0
150,4,9,יד שרה,12,7,3,0.85,0,0,1,1,0,0,0,1,0,0,0,0,0,0,1,0,0,0,0
60,5,13,לתת,9,6,4,0.3,0,0,0,0,0,1,0,0,0,0,0,0,0,0,0,0,1,0,0
60,6,14,נובה,22,11,11,0.5,0,0,1,1,0,0,0,0,0,0,1,0,0,0,0,0,0,0,0
90,6,8,לתת,5,3,2,0.45,0,1,0,0,1,1,0,0,0,0,0,1,0,0,0,0,0,0,0
180,0,20,לב אחד,20,12,10,0.6,0,0,0,0,0,0,0,0,0,0,0,0,0,0,0,1,0,0,0
150,3,10,לב אחד,13,5,1,0.85,0,0,0,0,0,1,1,1,0,0,0,0,0,0,0,0,0,0,0
90,3,18,לב אחד,27,20,17,0.35,1,0,0,0,0,0,0,0,0,0,0,0,1,0,0,0,0,0,0
90,5,8,לתת,28,20,20,0.45,0,0,0,0,0,0,0,0,0,0,0,0,0,1,0,0,0,0,0
90,6,13,יד שרה,20,12,12,0.55,0,0,1,0,0,0,0,1,0,0,0,0,1,0,0,0,0,0,0
90,0,10,לב אחד,8,3,1,0.75,0,0,0,0,0,0,0,0,0,0,0,0,0,1,0,0,0,0,1
150,5,12,נובה,9,8,6,0.45,0,0,1,0,0,1,0,0,0,1,0,0,0,0,0,0,1,0,0
60,2,17,לתת,17,11,10,0.3,0,0,0,0,0,0,0,0,0,0,0,0,0,0,0,1,0,0,0
60,5,18,יד שרה,11,11,4,0.5,0,0,0,0,0,0,0,0,0,0,0,0,0,0,1,1,0,0,0
90,2,14,לב אחד,5,1,1,0.75,0,0,0,0,0,0,0,0,0,0,0,1,0,0,0,1,0,0,1
180,0,13,גדולים מהחיים,12,8,6,0.5,0,0,0,0,0,1,0,0,0,0,0,0,1,0,1,0,0,1,0
120,2,15,לתת,17,10,10,0.4,0,1,1,0,0,0,1,0,0,0,0,1,0,0,0,0,1,0,0
150,0,13,נובה,25,18,18,0.45,0,1,0,0,0,0,0,0,0,0,0,0,0,0,0,1,0,1,0
90,6,19,גדולים מהחיים,11,5,2,0.65,0,1,0,0,0,0,0,0,0,0,0,0,0,0,1,0,0,1,0
180,4,13,לב אחד,27,21,20,0.5,0,1,0,1,0,0,1,0,0,0,0,0,0,0,0,0,1,0,0
60,4,14,לב אחד,5,0,0,0.5,0,1,0,0,0,0,1,0,0,0,0,0,0,0,0,0,0,0,0
180,5,19,לתת,24,17,17,0.6,0,0,0,0,0,0,0,0,0,0,0,1,0,0,0,0,0,0,0
120,5,16,יד שרה,23,13,9,0.8,0,0,0,0,1,0,0,0,0,0,1,0,0,0,0,0,0,0,0
120,0,8,לתת,11,4,2,0.9,0,0,0,0,1,0,0,1,0,0,0,1,0,0,0,0,0,0,0
120,6,12,לתת,28,18,14,0.4,0,0,0,1,1,1,0,0,0,0,0,0,1,0,0,0,0,0,0
150,1,20,יד שרה,6,6,6,0.55,0,0,0,0,1,0,0,0,0,1,0,0,1,0,0,0,0,0,0
90,1,12,נובה,15,5,4,0.75,0,0,0,1,0,0,0,1,0,0,0,0,0,0,0,0,0,1,0
90,5,8,נובה,30,15,14,0.65,0,0,0,0,0,1,0,0,0,0,1,0,0,0,0,0,0,0,0
60,4,19,יד שרה,16,8,4,0.8,0,0,0,0,0,0,0,0,0,0,0,0,0,0,0,0,1,0,1
150,5,16,נובה,24,6,3,0.85,1,0,0,0,0,1,0,0,0,0,1,0,0,1,0,0,0,0,0
180,5,16,גדולים מהחיים,21,12,10,0.7,0,0,0,0,0,0,1,0,0,0,1,0,0,0,0,0,0,0,1
60,5,16,נובה,30,20,19,0.5,0,0,0,0,0,0,0,1,0,0,0,0,0,0,0,0,0,0,1
120,4,13,לב אחד,15,12,12,0.4,0,0,0,1,0,0,0,0,0,0,0,0,0,0,1,0,0,0,0
150,3,19,יד שרה,17,7,5,0.95,0,0,0,0,0,0,0,1,0,0,0,1,0,0,0,0,0,0,1
120,2,14,נובה,21,12,10,0.6,0,0,0,0,0,0,0,0,1,0,0,0,0,0,0,0,0,0,1
60,2,18,גדולים מהחיים,25,16,16,0.3,0,0,1,0,0,1,0,0,0,0,0,0,0,0,0,1,0,0,0
90,4,18,יד שרה,13,10,6,0.35,0,0,0,0,0,0,1,0,0,0,0,0,1,0,0,1,1,0,0
60,5,10,נובה,22,19,13,0.3,0,0,0,0,0,0,1,0,0,0,0,0,0,0,0,1,0,0,0
120,5,17,לתת,11,4,3,0.8,0,0,0,0,0,0,1,0,0,0,0,0,0,0,0,0,1,1,1
90,3,12,לתת,12,9,9,0.35,0,0,0,0,0,0,0,0,0,0,0,0,1,1,0,0,0,0,0
120,4,17,נובה,6,3,3,0.6,0,0,1,0,0,0,0,0,0,0,1,0,0,1,0,0,1,0,0
150,3,8,לב אחד,7,5,2,0.75,0,0,0,0,0,0,0,0,0,0,0,1,0,0,0,0,0,0,0
150,1,8,לב אחד,19,5,4,0.95,0,0,0,0,0,0,0,1,0,0,0,0,0,0,0,1,0,0,0
90,0,10,נובה,5,0,0,0.55,0,0,0,1,0,0,1,0,1,1,0,0,0,0,0,0,0,0,0
120,2,18,יד שרה,21,18,14,0.4,0,0,0,0,1,0,0,0,0,0,0,0,1,0,1,0,0,0,0
60,3,14,יד שרה,26,23,23,0.3,0,0,0,0,1,1,0,0,0,1,0,1,0,0,0,0,0,0,0
90,1,16,לב אחד,27,17,16,0.55,0,0,0,0,0,0,0,1,0,0,0,0,1,0,0,1,1,0,0
90,6,19,לתת,28,20,17,0.45,0,0,0,0,0,0,0,0,0,0,0,1,0,1,0,0,0,0,0
150,1,9,לב אחד,28,23,23,0.45,0,0,0,1,1,0,0,0,0,0,0,1,0,0,0,1,0,1,0
60,1,19,לתת,14,11,8,0.4,0,0,0,0,0,0,0,0,0,0,0,0,1,0,0,0,1,0,0
120,3,16,נובה,19,15,12,0.4,1,0,0,0,0,0,1,0,0,0,0,0,0,0,1,1,0,0,0
150,6,10,לב אחד,28,15,14,0.65,0,0,0,0,1,1,0,0,0,0,1,0,0,0,0,0,0,0,1
120,6,8,לב אחד,20,17,16,0.5,0,0,0,0,1,0,0,0,0,0,0,0,0,0,0,1,1,1,0
120,4,20,לב אחד,6,1,1,0.9,0,0,0,0,0,0,0,0,0,1,1,1,0,0,0,1,0,0,0
90,5,15,נובה,5,2,0,0.55,0,1,0,0,0,0,0,0,0,0,0,1,1,0,0,0,0,1,0
60,3,8,לתת,29,27,20,0.4,0,0,0,0,1,1,1,0,1,0,0,0,0,0,0,0,0,0,0
120,2,18,לב אחד,16,6,6,0.8,0,0,0,0,1,0,0,0,1,1,0,0,0,0,0,0,0,0,1
180,2,14,נובה,25,9,9,0.9,0,0,0,0,1,0,1,0,0,0,1,0,0,0,0,0,0,1,0
180,1,13,גדולים מהחיים,25,9,9,0.9,0,0,0,0,0,0,0,0,0,0,1,1,1,0,1,0,1,0,0
150,6,16,יד שרה,20,11,11,0.45,1,0,0,0,1,0,1,0,0,0,0,1,0,0,0,0,0,0,0
150,0,11,לב אחד,29,24,22,0.45,0,0,0,0,0,0,0,0,0,0,0,0,0,1,0,0,0,1,0
120,0,8,נובה,21,10,8,0.7,0,0,0,0,0,0,0,0,0,0,0,0,0,0,1,0,0,0,0
150,1,16,נובה,20,17,13,0.45,0,0,0,0,1,0,1,0,0,1,0,0,0,0,1,0,0,0,0
150,1,10,לב אחד,30,13,11,0.85,0,0,0,0,0,1,0,0,0,0,1,1,0,0,0,0,0,0,0
60,4,15,לב אחד,7,2,0,0.7,0,0,0,0,0,0,1,0,0,1,1,0,0,0,0,0,1,0,0
60,1,9,לתת,13,7,5,0.5,0,0,0,1,0,0,0,0,0,0,0,0,0,1,0,0,0,0,0
180,2,10,יד שרה,26,17,14,0.5,0,1,0,1,1,0,0,0,0,0,0,0,0,0,0,0,0,0,0
90,1,10,גדולים מהחיים,9,4,1,0.55,0,0,0,0,0,0,0,0,1,0,0,0,1,0,0,0,0,0,0
120,1,18,לתת,29,12,10,0.8,0,0,1,1,1,0,0,0,0,0,1,0,0,0,0,0,0,0,0
120,2,13,לב אחד,5,3,1,0.6,0,0,0,0,0,1,0,0,0,1,0,1,0,0,0,0,0,0,0
150,0,11,גדולים מהחיים,11,6,5,0.45,0,1,1,1,0,0,0,0,1,0,0,0,0,0,0,0,0,0,0
120,4,14,לתת,26,12,11,0.6,0,0,0,0,0,1,0,1,0,0,1,0,0,0,0,0,0,0,0
90,1,14,גדולים מהחיים,23,11,11,0.55,1,0,0,0,0,0,0,1,1,0,0,0,0,0,1,0,0,0,0
180,4,17,גדולים מהחיים,12,8,7,0.7,0,0,0,0,0,0,0,0,0,0,1,0,0,1,0,0,1,0,0
60,1,10,לב אחד,27,22,13,0.3,0,0,0,0,0,0,1,0,0,0,0,0,0,0,0,1,1,1,0
90,4,18,יד שרה,30,23,19,0.35,0,1,0,0,0,0,0,0,0,0,0,0,0,0,1,1,0,0,0
180,4,16,לתת,21,19,17,0.5,0,0,0,0,1,0,0,0,0,0,0,0,0,0,1,0,0,0,0
60,1,14,לתת,10,5,4,0.3,0,0,0,0,0,0,0,0,0,1,0,0,0,0,0,0,0,1,0
120,4,8,נובה,6,3,3,0.7,0,0,0,0,0,0,0,0,0,0,1,0,0,0,0,0,0,1,0
150,5,19,יד שרה,26,18,14,0.55,0,0,0,0,0,0,1,0,0,0,0,0,0,0,0,0,0,0,0
60,4,8,גדולים מהחיים,23,12,12,0.6,0,0,0,0,1,0,0,1,0,0,0,0,1,1,0,0,0,0,0
90,0,9,לתת,21,9,7,0.75,0,0,1,0,0,0,0,0,0,0,1,1,0,0,0,0,0,0,0
180,6,9,לב אחד,17,10,10,0.5,1,1,0,0,0,0,0,0,0,0,0,0,0,0,0,0,0,1,0
90,3,11,גדולים מהחיים,25,19,17,0.35,0,0,1,0,0,0,0,0,1,0,0,0,1,0,0,0,1,0,0
120,5,18,נובה,28,18,13,0.4,1,0,0,1,0,0,0,0,0,0,0,0,0,0,0,0,0,0,0
180,0,16,גדולים מהחיים,12,8,4,0.7,0,0,1,0,0,0,0,0,0,0,0,0,0,0,1,1,0,0,0
90,4,20,לב אחד,12,8,7,0.45,0,0,0,0,0,0,0,0,0,1,0,1,0,0,0,1,0,0,0
150,1,9,לב אחד,16,6,5,0.85,0,0,0,0,0,0,0,0,0,0,1,1,1,0,0,1,0,0,0
90,0,20,נובה,8,6,1,0.65,0,0,0,0,0,1,0,0,1,0,0,0,0,0,0,0,0,0,0
120,2,15,לתת,18,12,12,0.4,0,0,0,0,0,0,0,0,1,0,0,0,0,1,1,0,0,0,0
180,5,10,לתת,24,18,16,0.5,0,1,1,0,1,0,0,0,0,0,0,0,0,0,0,0,0,1,0
150,2,12,לב אחד,8,3,1,0.65,0,0,0,0,0,0,0,0,0,1,0,0,0,0,0,0,0,1,0
180,5,14,נובה,10,5,5,0.5,0,1,0,0,0,0,0,0,0,0,0,1,0,0,0,0,0,0,0
150,0,19,גדולים מהחיים,7,5,2,0.75,0,0,0,0,0,0,0,0,0,0,0,1,0,1,1,0,0,0,0
60,0,14,גדולים מהחיים,13,7,7,0.5,0,0,0,1,0,0,0,0,1,0,1,0,0,0,0,0,0,0,1
180,0,9,לתת,11,8,7,0.5,1,0,0,1,1,0,0,0,0,0,0,0,0,0,0,0,0,0,0
60,3,15,גדולים מהחיים,16,11,10,0.3,0,1,0,0,0,0,0,0,0,0,0,0,1,0,0,0,0,0,0
120,4,17,לתת,9,5,2,0.6,0,1,0,0,1,0,0,0,0,0,0,0,1,0,0,0,0,0,0
120,6,19,לב אחד,14,9,8,0.5,0,0,0,0,0,0,0,0,1,0,0,0,0,1,0,0,0,0,0
180,1,16,נובה,19,10,7,0.7,1,0,0,0,1,0,0,0,0,1,0,0,0,0,0,0,0,0,0
90,6,16,יד שרה,17,11,11,0.35,0,0,1,0,0,0,0,0,0,0,0,1,0,0,0,0,1,0,0
60,6,19,גדולים מהחיים,27,17,16,0.6,0,0,0,0,0,0,0,0,0,0,0,1,0,0,0,0,0,0,1
180,1,12,נובה,24,13,13,0.7,1,0,0,0,0,0,0,0,0,1,0,0,1,0,0,0,0,0,1
60,0,14,לתת,8,6,6,0.3,1,0,0,0,0,0,0,0,0,0,0,0,0,1,1,0,1,0,0
60,5,14,גדולים מהחיים,12,9,6,0.3,1,0,1,0,0,0,0,0,0,0,0,1,0,0,0,1,0,0,0
120,2,9,לתת,30,24,19,0.4,0,0,1,0,0,0,0,0,0,0,0,0,1,0,0,1,0,0,0
60,2,13,נובה,19,12,12,0.5,0,0,0,0,1,0,0,0,0,0,1,1,1,0,0,0,0,0,0
90,4,10,גדולים מהחיים,22,19,14,0.35,0,0,0,0,0,0,1,0,0,0,0,1,0,1,0,0,0,1,0
120,5,13,לתת,28,19,13,0.4,0,1,0,0,0,0,0,0,1,0,0,0,0,1,0,0,0,0,0
150,4,10,נובה,16,10,10,0.45,0,0,0,1,0,0,0,0,1,1,0,0,0,0,1,0,0,0,0
60,6,13,לב אחד,29,18,18,0.5,1,0,0,0,0,0,0,0,0,0,1,0,0,0,0,0,1,0,1
180,6,9,נובה,25,12,12,0.7,0,0,0,0,0,0,0,0,0,1,1,0,0,1,0,0,0,1,1
90,0,9,נובה,15,5,3,0.75,0,0,0,0,0,0,1,1,0,0,1,0,0,0,0,0,1,0,0
150,0,12,נובה,19,14,10,0.45,0,0,0,0,1,0,0,0,1,0,0,0,1,0,0,1,0,0,0
60,4,9,לתת,26,23,21,0.3,0,0,0,0,0,0,1,0,0,0,0,0,0,0,0,0,0,0,0
90,6,15,גדולים מהחיים,15,10,5,0.55,0,1,0,0,0,1,0,0,0,0,0,0,0,1,0,0,0,1,0
150,5,8,נובה,13,12,12,0.55,0,0,0,0,0,0,0,0,0,0,0,0,1,0,1,1,0,1,0
150,0,8,נובה,23,11,10,0.75,1,0,0,0,0,0,0,0,0,0,1,0,0,0,0,1,0,1,0
150,0,19,יד שרה,16,9,9,0.75,0,0,0,0,0,0,0,0,0,0,0,0,0,0,0,0,0,0,1
120,1,9,גדולים מהחיים,28,18,14,0.4,0,0,0,0,0,1,0,0,0,1,0,0,0,0,1,0,1,0,0
180,2,19,נובה,7,5,5,0.6,0,0,1,0,1,0,0,0,0,0,0,0,0,1,0,0,0,0,0
60,5,13,גדולים מהחיים,16,8,8,0.5,0,0,0,0,0,0,0,0,1,0,0,0,0,0,0,0,0,0,1
60,5,11,גדולים מהחיים,17,9,8,0.5,0,0,0,0,0,0,0,0,0,0,0,0,1,0,0,0,1,0,1
150,1,13,גדולים מהחיים,26,18,15,0.45,0,0,0,1,0,0,0,0,0,0,0,0,0,1,0,0,0,0,0
60,4,19,לב אחד,8,1,1,0.8,0,0,0,1,1,0,0,1,0,1,0,0,0,0,0,0,0,0,0
120,1,10,גדולים מהחיים,14,13,13,0.4,0,0,0,1,0,0,0,0,1,0,0,0,0,0,0,0,0,1,0
120,4,8,לב אחד,19,10,7,0.9,0,0,0,0,1,0,0,1,0,0,1,0,0,1,0,0,0,1,0
90,1,12,לב אחד,5,5,1,0.55,0,0,0,0,0,0,0,0,1,0,0,0,0,0,0,0,1,0,0
90,4,16,יד שרה,12,5,5,0.35,0,0,0,0,0,0,0,0,0,1,0,0,0,0,0,0,0,0,0
120,1,14,נובה,11,2,2,0.8,0,0,0,0,0,0,0,1,0,0,1,0,0,1,1,0,1,0,0
90,5,14,לב אחד,6,2,2,0.75,0,1,0,0,0,0,0,1,0,0,0,0,1,0,0,0,0,0,0
120,0,9,נובה,6,4,1,0.8,0,0,0,0,0,0,0,0,0,0,0,1,0,0,0,0,0,0,1
120,2,16,יד שרה,9,2,0,0.8,0,0,1,1,0,0,0,1,0,0,0,0,0,0,0,0,0,0,1
90,5,20,יד שרה,25,18,13,0.45,1,1,1,0,0,0,0,0,0,0,0,1,0,0,0,0,0,0,0
120,0,20,גדולים מהחיים,7,2,2,0.7,0,1,0,0,0,0,0,0,1,0,0,0,0,0,0,0,0,0,0
150,4,13,לתת,23,17,15,0.45,0,0,0,0,0,0,1,0,0,0,0,0,0,0,0,1,0,0,0
180,0,20,לתת,21,14,13,0.6,0,0,1,0,0,0,0,0,0,1,0,0,0,0,0,0,0,1,0
180,2,18,לב אחד,19,10,8,0.7,0,0,0,0,0,0,0,1,0,1,1,0,0,0,0,0,0,0,0
150,0,8,לתת,9,2,1,0.75,0,0,0,1,0,0,0,0,0,0,0,1,0,0,0,0,1,0,0
180,2,17,לתת,28,20,19,0.5,0,1,0,0,1,1,0,0,0,0,0,0,0,0,0,0,0,1,0
180,2,16,לב אחד,26,13,12,0.7,0,1,0,0,1,0,1,0,0,0,0,0,0,0,0,0,0,0,1
120,1,14,לב אחד,7,3,1,0.8,0,0,0,0,0,0,0,0,0,0,0,0,0,0,0,0,0,0,1
120,5,20,נובה,13,4,1,0.9,0,0,0,0,0,0,0,0,0,0,1,0,0,0,0,0,0,0,0
150,2,18,גדולים מהחיים,9,9,6,0.45,0,1,1,0,0,0,0,0,0,0,0,0,0,0,0,0,1,0,0
150,1,12,יד שרה,23,18,13,0.45,0,1,0,0,0,0,0,0,0,0,0,0,0,0,1,1,0,0,0
120,5,8,לב אחד,14,6,4,0.7,0,0,0,0,0,0,1,0,0,0,0,0,0,0,0,0,0,0,0
90,1,17,יד שרה,12,6,2,0.75,0,0,0,0,0,0,0,0,0,0,1,1,0,1,0,0,0,0,0
90,1,19,גדולים מהחיים,7,5,2,0.65,1,0,0,1,0,0,0,0,0,0,0,0,1,0,1,0,0,0,0
60,3,18,לב אחד,14,6,1,0.7,0,0,0,1,0,0,0,0,0,0,0,0,0,0,0,0,0,0,1
60,6,20,נובה,10,9,8,0.4,0,0,0,0,0,0,0,0,0,0,0,0,0,0,0,1,0,0,0
60,2,20,נובה,17,13,13,0.4,0,1,0,0,0,0,0,0,0,1,0,0,0,0,0,0,0,0,0
120,6,12,נובה,5,4,4,0.6,1,0,0,0,0,1,0,0,0,0,0,0,0,1,0,0,0,0,1
180,2,16,יד שרה,9,8,7,0.5,1,1,0,1,0,0,0,0,0,0,0,0,0,0,0,0,0,0,0
90,2,10,לתת,11,6,5,0.35,0,0,0,0,1,0,0,0,1,0,0,0,0,0,0,0,0,0,0
180,0,12,לתת,22,12,12,0.7,0,0,0,0,0,0,0,0,1,0,1,0,0,0,0,0,0,0,0
120,6,14,יד שרה,23,16,13,0.4,0,1,0,1,0,0,0,0,0,1,0,1,0,0,0,1,0,0,0
90,6,10,לתת,22,20,19,0.35,0,0,0,0,0,0,1,0,0,0,0,0,0,0,0,1,1,0,0
60,1,15,לב אחד,14,10,8,0.3,0,0,0,0,0,1,0,0,0,0,0,0,0,0,0,1,1,0,0
120,0,9,גדולים מהחיים,15,5,1,0.8,1,0,0,0,0,0,0,1,0,0,0,0,1,0,1,0,0,0,0
90,5,20,גדולים מהחיים,25,20,19,0.45,0,0,0,1,0,0,1,0,1,0,0,0,0,0,0,0,0,0,0
120,1,13,נובה,11,6,1,0.6,1,1,0,0,0,1,0,0,0,0,0,0,0,1,0,0,1,0,0
90,2,14,יד שרה,11,4,1,0.75,0,1,0,0,0,0,0,1,0,0,1,0,0,1,0,0,0,0,0
120,6,12,לב אחד,13,11,11,0.4,0,0,0,0,0,0,1,0,1,1,0,1,0,0,0,0,1,0,0
90,4,11,לתת,30,19,19,0.55,0,0,0,0,0,0,0,0,0,0,0,1,1,0,0,0,0,0,1
180,1,15,לתת,11,7,3,0.7,0,0,0,0,1,0,0,0,0,0,0,0,0,0,0,0,0,1,0
60,5,16,נובה,13,13,12,0.3,0,1,0,0,0,0,0,0,0,1,0,0,0,0,1,1,0,0,0
180,4,12,יד שרה,17,9,8,0.7,0,0,0,0,0,0,0,0,0,0,1,0,1,0,0,0,0,0,1
120,1,16,גדולים מהחיים,29,21,17,0.4,0,0,1,0,1,0,0,0,0,1,0,0,0,0,0,0,0,0,0
60,2,11,לב אחד,11,7,7,0.3,0,0,0,0,1,0,0,0,0,0,0,0,0,0,0,1,0,0,0
60,5,9,נובה,13,11,7,0.3,0,0,1,0,0,1,0,0,0,0,0,1,0,1,0,0,0,0,0
180,0,16,גדולים מהחיים,21,16,11,0.5,0,1,0,0,0,1,0,0,0,0,0,0,0,0,0,0,0,0,0
180,6,10,נובה,7,4,4,0.7,0,0,0,0,0,0,0,1,1,0,0,0,1,0,0,1,0,0,0
180,6,17,יד שרה,5,3,2,0.7,0,0,0,0,0,0,1,0,0,0,1,0,0,0,0,0,1,0,0
180,1,15,לתת,10,7,5,0.5,0,0,0,0,0,0,0,0,0,0,0,0,1,1,0,0,0,1,0
60,6,14,יד שרה,15,10,9,0.3,0,0,0,0,0,0,0,0,1,0,0,0,0,1,0,0,0,0,0
180,1,12,לב אחד,18,11,9,0.7,0,0,0,0,0,0,0,1,0,0,0,0,0,0,0,0,0,1,0
180,3,15,גדולים מהחיים,12,10,10,0.5,0,0,1,0,0,1,0,0,0,0,0,0,0,1,0,0,0,0,0
180,2,13,גדולים מהחיים,15,13,10,0.5,0,0,0,0,0,0,1,0,0,1,0,0,0,0,0,0,0,0,0
150,5,18,יד שרה,28,16,15,0.65,1,0,0,0,0,0,0,0,0,1,1,0,0,0,0,0,1,0,0
90,0,8,יד שרה,24,16,12,0.45,0,0,0,1,0,0,0,0,0,1,0,0,0,0,1,0,0,1,0
180,1,17,נובה,25,17,17,0.5,0,1,1,0,0,0,0,0,0,0,0,1,0,0,0,0,0,0,0
180,0,12,יד שרה,22,11,11,0.7,1,0,0,0,0,0,0,0,0,0,0,0,0,1,0,0,0,0,1
180,4,8,לתת,30,18,14,0.8,0,0,1,0,0,0,1,0,0,0,1,0,0,0,0,0,0,0,0
150,4,8,גדולים מהחיים,21,12,11,0.55,0,0,1,0,0,0,0,0,0,0,0,1,0,0,0,1,0,0,0
60,1,16,לתת,27,12,10,0.7,0,0,0,0,0,0,0,0,0,0,0,0,0,0,1,0,0,0,1
180,3,8,גדולים מהחיים,6,6,6,0.6,0,1,0,0,0,0,1,0,0,0,0,0,0,0,0,0,0,0,0
150,2,8,נובה,16,10,9,0.75,0,0,0,0,0,0,0,0,0,1,0,0,0,1,0,0,1,0,1
150,0,13,לתת,14,2,2,0.85,0,1,0,1,0,0,0,1,0,0,0,0,0,0,0,0,0,1,0
90,2,17,לב אחד,6,2,0,0.55,0,0,0,0,0,0,1,0,0,0,0,1,0,0,0,0,0,0,0
180,2,13,גדולים מהחיים,15,13,13,0.5,0,1,0,1,0,0,0,0,0,0,0,0,1,1,0,1,0,0,0
150,2,19,יד שרה,11,3,2,0.95,0,0,0,0,0,0,0,0,1,0,1,0,0,0,0,0,0,0,0
120,5,10,נובה,6,3,2,0.8,0,1,0,1,0,0,0,0,0,0,0,0,0,1,0,0,0,0,1
120,5,11,לב אחד,14,14,9,0.4,0,0,0,0,1,0,0,0,0,0,0,0,1,0,0,0,0,0,0
60,3,19,לתת,6,1,0,0.6,1,0,0,0,0,1,0,0,0,0,0,0,1,0,0,0,0,0,0
180,2,13,גדולים מהחיים,11,5,5,0.7,1,0,1,0,0,0,0,0,0,0,0,0,0,0,0,0,0,0,1
60,2,14,גדולים מהחיים,5,2,0,0.5,1,0,0,0,0,0,0,0,0,0,0,0,0,0,0,0,1,0,0
150,6,16,לב אחד,7,7,7,0.65,0,0,0,0,0,0,0,0,0,0,1,0,0,0,0,0,0,1,0
180,6,16,לתת,9,3,1,0.7,0,0,0,0,0,1,0,0,0,0,0,0,1,0,0,0,0,0,0
150,1,17,לתת,25,20,19,0.45,0,0,0,1,1,1,0,0,0,0,0,0,0,0,0,1,1,0,0
180,6,17,נובה,5,4,4,0.7,0,0,0,1,1,0,0,1,0,0,0,0,0,0,0,0,0,1,1
90,2,11,גדולים מהחיים,28,21,20,0.35,1,0,0,0,1,0,0,0,1,1,0,0,0,0,0,0,0,0,0
150,4,13,גדולים מהחיים,23,11,11,0.65,0,0,0,1,0,1,0,0,0,0,1,0,0,0,0,0,1,0,0
150,6,10,לתת,30,16,13,0.65,1,0,0,1,0,0,0,1,0,0,0,0,0,0,0,0,0,0,0
180,5,17,לב אחד,8,8,8,0.5,0,0,0,0,1,0,0,0,0,0,0,0,0,0,0,0,0,0,0
180,2,20,גדולים מהחיים,8,5,3,1.0,0,0,1,0,0,0,0,1,0,0,0,1,0,0,0,0,1,0,0
60,2,14,נובה,22,21,18,0.3,0,0,0,0,0,0,1,0,0,0,0,0,0,1,0,1,0,0,0
90,1,20,גדולים מהחיים,25,8,6,0.85,0,0,0,0,0,0,0,0,0,0,1,0,0,0,1,0,0,0,0
180,5,15,יד שרה,28,19,19,0.5,0,0,1,0,0,0,0,0,1,0,0,0,0,0,0,0,0,0,0
90,3,17,לב אחד,14,3,3,0.75,0,0,0,0,0,0,0,0,1,0,0,0,1,0,0,0,1,0,1
60,4,16,יד שרה,17,10,9,0.5,1,0,0,0,0,0,0,0,0,0,1,0,0,1,0,0,0,0,0
180,2,15,לב אחד,11,9,8,0.5,0,0,0,0,0,0,1,0,0,1,0,0,1,0,0,0,0,0,0
180,0,13,נובה,19,9,8,0.5,0,1,0,0,0,0,0,0,1,0,0,0,0,0,0,1,0,0,0
120,6,17,נובה,9,0,0,0.8,1,0,0,1,0,0,0,0,1,1,1,0,0,0,0,0,0,0,0
180,0,9,נובה,10,4,4,0.5,0,0,0,0,0,0,0,0,0,0,0,0,1,0,0,0,1,0,0
60,2,12,נובה,16,12,12,0.3,0,0,0,0,0,0,1,0,0,0,0,1,0,0,0,0,0,0,0
90,0,12,לב אחד,15,10,6,0.35,0,0,0,0,1,0,0,0,0,0,0,1,0,0,0,0,0,0,0
90,2,8,לתת,6,6,6,0.45,0,0,0,0,0,0,1,0,0,0,0,0,0,0,1,0,1,0,0
150,6,10,נובה,6,1,1,0.65,0,0,0,1,0,0,0,0,0,1,0,1,0,0,0,0,0,0,0
150,6,14,לב אחד,9,5,1,0.65,0,1,0,0,0,0,0,0,0,1,0,0,0,1,0,0,0,1,0
150,5,14,לב אחד,26,13,9,0.85,0,0,0,1,0,0,1,1,0,0,0,0,1,0,0,0,0,0,0
120,0,12,יד שרה,21,20,15,0.4,1,0,0,1,0,0,0,0,0,0,0,0,0,0,1,0,0,0,0
120,0,9,לתת,19,12,9,0.4,0,1,0,0,1,0,0,0,0,1,0,1,0,0,0,0,0,0,0
60,2,13,נובה,29,24,20,0.3,0,0,0,0,1,0,0,0,0,0,0,0,0,0,0,0,0,0,0
60,1,17,לתת,25,13,11,0.5,0,1,0,0,0,0,0,1,0,0,0,0,0,0,1,1,0,0,0
60,1,8,לב אחד,27,20,16,0.4,0,0,1,1,0,0,0,0,0,0,0,0,0,1,0,1,0,1,0
150,0,12,לב אחד,29,16,14,0.65,0,0,1,0,0,1,0,1,0,0,0,0,0,0,0,0,0,0,0
150,3,19,נובה,17,11,9,0.55,0,0,1,1,0,0,1,0,1,0,0,0,0,0,0,0,0,0,0
120,1,10,יד שרה,17,11,6,0.6,1,0,0,0,0,0,0,0,0,0,0,0,0,0,1,0,1,0,0
150,1,12,נובה,17,11,10,0.45,0,0,1,0,0,0,0,0,0,1,0,0,0,0,0,0,0,0,0
180,3,13,יד שרה,30,21,17,0.5,0,0,1,0,1,0,0,0,0,1,0,0,0,0,0,0,0,0,0
90,6,20,גדולים מהחיים,26,21,19,0.45,0,0,0,0,0,0,0,0,0,0,0,0,0,0,0,0,1,0,0
180,5,16,לב אחד,20,6,6,0.9,0,0,0,0,0,0,0,0,0,0,1,0,0,1,0,0,0,0,0
180,1,15,לתת,10,7,7,0.7,0,0,0,0,0,0,1,0,0,0,1,0,1,0,0,0,0,0,0
150,1,19,יד שרה,14,10,8,0.55,1,0,0,0,1,0,1,0,0,0,0,0,0,0,0,0,0,0,0
60,1,15,נובה,5,0,0,0.7,0,0,0,0,0,0,0,0,0,0,1,0,0,0,0,0,1,0,0
150,2,18,לב אחד,17,7,5,0.85,0,0,0,0,1,0,0,0,0,0,0,0,0,0,0,1,1,0,1
60,0,10,גדולים מהחיים,10,8,8,0.3,0,0,0,0,1,0,0,0,0,0,0,0,0,0,0,0,0,0,0
120,0,20,נובה,28,19,18,0.5,1,1,0,1,0,0,0,0,0,0,0,0,0,0,0,0,0,0,0
120,6,14,לב אחד,27,15,15,0.6,0,0,0,0,0,0,0,0,1,1,1,0,0,0,0,1,0,0,0
150,4,10,יד שרה,11,3,0,0.85,0,1,0,0,0,0,0,1,1,0,0,0,0,0,0,0,1,0,0
180,5,11,גדולים מהחיים,9,7,7,0.5,0,0,0,0,1,0,0,0,0,0,0,0,0,0,0,0,0,1,0
120,4,15,נובה,12,11,11,0.4,0,0,0,0,0,0,1,0,1,0,0,0,0,1,0,0,0,0,0
120,6,14,גדולים מהחיים,6,4,2,0.6,0,0,0,0,0,0,1,0,0,0,0,0,0,0,1,1,1,0,0
60,1,10,יד שרה,27,18,18,0.5,0,0,0,0,0,0,1,0,0,1,0,0,0,0,0,0,0,0,1
90,3,15,לב אחד,28,17,17,0.35,0,0,0,0,0,0,0,0,0,0,0,0,0,0,0,0,1,0,0
150,3,14,לב אחד,28,23,21,0.45,1,0,0,0,1,0,0,0,0,1,0,0,0,0,0,0,0,0,0
150,0,11,יד שרה,27,19,13,0.45,0,1,0,0,0,0,0,0,0,0,0,0,0,0,0,0,0,0,0
180,6,12,לב אחד,27,12,12,0.7,1,0,0,0,1,1,0,0,0,0,1,1,0,0,0,0,0,0,0
180,5,11,לתת,14,11,10,0.5,0,1,0,1,0,0,0,0,1,0,0,0,0,0,0,0,0,0,0
90,1,13,נובה,22,11,10,0.35,0,0,0,0,0,0,0,0,1,0,0,0,0,1,0,0,0,0,0
150,3,14,יד שרה,22,8,4,0.85,0,0,1,0,0,1,0,0,0,0,0,0,0,1,0,0,0,0,1
180,0,18,יד שרה,28,16,14,0.7,0,1,0,0,1,0,0,0,0,0,1,0,0,0,0,0,0,1,0
90,1,12,נובה,15,9,7,0.35,0,0,0,0,0,0,0,0,1,0,0,1,0,0,0,0,0,1,0
150,1,18,לב אחד,5,0,0,0.65,0,0,0,0,0,1,0,0,1,0,0,0,0,1,0,0,0,0,0
90,6,15,גדולים מהחיים,18,11,11,0.55,1,0,0,0,0,0,0,0,0,0,0,0,0,0,1,0,0,0,1
180,6,16,יד שרה,21,15,11,0.5,0,0,0,0,0,0,0,0,0,0,0,0,0,0,0,0,0,1,0
90,5,9,גדולים מהחיים,6,4,4,0.35,0,0,0,0,0,0,0,0,0,0,0,1,1,0,1,1,0,0,0
60,5,16,יד שרה,26,22,17,0.3,0,0,1,0,0,0,0,0,0,0,0,1,0,0,0,0,0,0,0
180,4,19,יד שרה,27,11,9,1.0,0,0,1,0,0,0,1,1,0,0,1,0,0,0,0,1,0,0,0
120,3,12,נובה,26,22,19,0.4,1,0,0,1,0,1,0,0,0,0,0,0,0,0,1,0,1,0,0
60,2,9,נובה,14,6,6,0.5,1,0,0,0,0,0,0,0,0,0,1,0,0,0,0,0,0,0,0
60,5,10,לתת,8,4,2,0.5,0,0,1,0,0,0,0,0,1,0,0,0,1,0,0,0,0,0,0
60,4,12,לתת,13,6,4,0.7,0,0,0,0,0,0,0,1,0,0,0,1,0,1,0,0,1,0,0
120,2,14,לב אחד,14,9,7,0.4,0,0,1,0,0,0,0,0,0,0,0,1,0,0,1,0,0,0,0
90,4,12,גדולים מהחיים,18,14,12,0.35,0,0,0,0,0,0,0,0,0,1,0,0,0,0,1,0,0,0,0
60,1,9,לתת,29,16,11,0.7,0,0,0,0,0,0,1,0,0,1,1,0,0,0,0,0,0,0,0
120,5,12,נובה,22,12,12,0.6,0,1,0,1,0,0,1,1,0,0,1,0,0,0,0,0,0,0,0
90,1,19,לב אחד,21,17,17,0.45,0,0,0,0,0,1,0,0,0,1,0,0,0,0,0,0,0,0,0
150,3,20,לתת,27,19,17,0.55,1,0,0,1,0,0,0,0,0,0,0,0,0,0,0,0,0,0,0
150,2,18,לב אחד,21,11,9,0.45,0,0,1,1,0,0,0,0,1,0,0,0,1,0,0,0,0,0,0
60,5,13,לב אחד,25,13,13,0.5,1,1,0,0,0,0,0,0,0,0,0,0,0,0,0,0,0,1,1
60,1,8,יד שרה,24,12,12,0.6,0,1,0,0,0,0,1,0,0,0,0,0,0,0,0,0,1,1,1
120,3,13,גדולים מהחיים,18,16,15,0.4,0,0,0,0,1,0,0,0,1,0,0,0,0,1,0,0,0,0,0
120,2,19,גדולים מהחיים,25,10,8,0.9,0,0,0,1,0,0,0,0,0,1,0,0,0,0,0,0,0,0,1
120,3,10,גדולים מהחיים,22,19,14,0.4,0,0,1,0,0,0,0,0,0,0,0,0,0,0,0,0,0,0,0
180,1,17,לב אחד,14,6,3,0.9,0,0,0,0,1,0,0,0,1,0,0,0,0,0,0,0,0,0,1
150,4,17,לתת,11,5,5,0.45,1,1,1,0,0,0,0,0,0,1,0,0,0,0,0,1,0,0,0
90,0,17,לב אחד,7,4,3,0.35,1,1,0,0,0,1,0,0,0,0,0,0,0,0,0,0,0,0,0
150,2,20,לתת,30,13,11,0.95,0,0,0,0,0,0,0,1,0,0,1,0,1,0,0,0,1,1,0
60,1,17,לב אחד,14,5,5,0.7,0,0,0,0,0,0,0,1,0,0,0,1,0,0,0,0,0,0,0
120,5,16,נובה,15,10,9,0.6,1,0,1,0,0,0,0,1,0,0,0,1,0,0,0,0,0,0,0
120,1,18,גדולים מהחיים,17,13,11,0.4,0,0,0,0,0,0,0,0,0,0,0,0,1,0,0,0,1,0,0
180,4,11,לב אחד,16,11,10,0.5,0,0,0,0,0,0,0,0,0,0,0,0,0,0,0,1,1,0,0
150,2,8,יד שרה,7,5,4,0.75,0,0,0,0,0,0,1,0,0,0,0,0,0,0,0,0,0,0,1
60,1,18,לתת,21,15,12,0.3,1,0,0,0,0,1,0,0,0,1,0,1,0,0,0,0,0,0,0
60,1,18,לב אחד,18,12,10,0.3,1,1,0,0,1,0,0,0,0,0,0,0,0,0,0,0,0,0,0
60,5,8,גדולים מהחיים,12,3,1,0.8,0,1,0,0,0,0,0,1,1,0,0,0,0,0,0,0,0,0,0
120,2,16,נובה,19,14,11,0.4,0,1,0,0,1,0,0,0,0,0,0,0,0,0,0,0,0,1,0
60,6,18,לב אחד,30,15,15,0.5,0,0,0,1,0,0,0,0,0,1,1,0,0,1,0,0,0,0,0
150,3,10,נובה,10,7,7,0.45,1,0,0,0,1,0,0,0,0,0,0,0,0,0,0,0,0,1,0
60,3,10,לב אחד,30,26,24,0.3,1,0,0,0,1,0,0,0,0,0,0,0,0,0,1,0,0,1,0
90,3,13,לב אחד,13,8,5,0.55,0,0,1,1,0,1,0,0,0,0,0,0,0,0,0,0,1,0,0
120,2,8,לתת,23,19,15,0.5,0,0,0,0,0,1,1,0,0,0,0,0,0,0,1,0,0,0,0
180,6,15,יד שרה,16,10,9,0.5,0,0,1,0,0,0,0,0,0,1,0,0,1,1,0,0,0,0,0
90,1,13,יד שרה,29,18,11,0.55,0,0,0,0,0,1,0,0,0,0,0,1,1,1,0,0,0,0,0
150,6,12,לב אחד,26,12,11,0.65,0,0,1,0,0,1,0,0,0,0,1,0,0,0,0,0,0,0,1
150,1,17,גדולים מהחיים,26,11,11,0.65,0,0,1,0,0,0,0,0,0,0,0,0,0,0,1,0,0,0,1
180,6,10,גדולים מהחיים,29,19,16,0.5,0,1,0,1,0,0,0,0,1,0,0,0,0,0,1,0,0,0,0
180,0,20,נובה,23,20,18,0.6,0,1,1,0,0,0,1,0,0,0,0,0,0,0,0,0,0,0,0
60,1,9,יד שרה,21,12,8,0.7,1,1,0,0,0,0,0,1,0,1,0,0,0,0,0,0,0,0,0
60,2,13,לתת,19,10,8,0.5,1,0,0,0,0,0,0,1,0,0,0,1,0,0,0,0,0,0,0
150,3,14,לב אחד,29,13,9,0.85,0,0,0,0,0,0,0,1,0,0,0,1,0,0,0,1,0,0,0
60,6,11,לב אחד,11,8,7,0.3,0,0,0,0,0,0,0,0,0,0,0,0,1,0,0,0,0,0,0
150,6,15,לב אחד,29,22,19,0.45,0,0,1,0,1,0,0,0,0,0,0,0,0,0,0,0,1,0,0
60,1,18,נובה,23,16,12,0.3,0,0,0,0,0,0,1,0,0,0,0,0,0,0,1,0,0,0,0
150,1,16,יד שרה,29,24,24,0.45,1,0,0,0,0,0,1,0,0,0,0,0,1,0,0,0,0,0,0
60,2,15,גדולים מהחיים,13,10,10,0.3,0,0,1,0,0,0,0,0,0,0,0,0,0,1,1,0,0,0,0
60,6,9,נובה,9,6,6,0.3,1,0,0,0,1,1,0,0,0,0,0,0,0,1,0,0,0,1,0
120,0,13,לתת,10,6,5,0.6,0,0,0,0,0,1,0,0,0,1,1,0,0,0,0,0,0,0,0
150,2,13,יד שרה,7,5,5,0.45,0,0,0,0,1,0,0,0,0,0,0,0,0,0,0,0,0,0,0
150,5,8,נובה,14,6,6,0.75,0,0,0,0,1,1,0,0,0,0,0,0,1,0,0,0,0,1,1
90,5,20,יד שרה,19,13,10,0.45,0,0,0,0,0,0,0,0,0,0,0,0,0,0,0,0,0,1,0
180,3,19,לב אחד,7,2,0,0.8,0,0,0,0,0,1,1,0,0,0,0,0,0,1,0,0,0,0,0
120,5,18,נובה,18,12,8,0.4,0,1,0,0,0,0,0,0,0,0,0,0,0,0,0,0,0,1,0
90,5,11,יד שרה,14,5,1,0.75,0,0,0,0,0,1,0,0,0,0,1,0,0,0,1,0,0,1,0
90,1,19,לב אחד,6,5,4,0.65,0,1,0,0,0,0,0,1,0,0,0,0,0,0,0,1,0,0,0
60,6,18,נובה,22,11,9,0.5,0,0,0,0,0,1,0,0,0,1,0,0,0,0,0,0,0,0,1
90,3,11,גדולים מהחיים,6,5,5,0.35,0,0,0,0,0,0,0,0,0,0,0,1,0,0,0,0,1,0,0
120,6,15,נובה,20,11,10,0.4,0,0,0,0,0,0,0,0,0,0,0,0,0,0,1,0,0,0,0
180,2,12,יד שרה,15,9,8,0.5,1,0,0,1,0,0,0,0,0,0,0,0,0,1,0,0,0,0,0
120,0,11,גדולים מהחיים,17,7,4,0.8,0,0,0,0,0,0,0,0,0,1,0,1,0,0,0,0,1,1,1
60,5,17,נובה,14,13,10,0.3,0,0,0,1,1,0,1,0,0,0,0,0,0,0,1,1,0,0,0
120,6,16,יד שרה,18,9,9,0.6,0,0,0,1,0,0,0,1,0,0,0,0,0,0,1,0,0,0,0
60,0,11,יד שרה,19,14,8,0.3,0,0,0,1,1,1,0,0,0,0,0,0,0,0,0,1,1,0,0
60,3,20,לתת,8,5,5,0.6,0,1,0,0,0,0,0,0,0,0,1,1,0,0,0,0,0,0,0
150,5,14,יד שרה,11,5,4,0.85,0,0,0,0,0,0,0,1,0,0,0,0,0,0,0,1,0,0,0
60,5,16,יד שרה,21,17,13,0.3,0,0,0,0,1,0,0,0,0,1,0,0,0,0,0,0,1,0,0
180,0,15,גדולים מהחיים,24,8,5,0.9,0,0,1,0,0,0,0,1,0,0,0,0,0,1,0,0,0,0,0
180,0,14,יד שרה,11,1,1,0.7,1,0,0,0,0,0,0,0,1,1,0,0,0,0,0,0,0,0,0
60,2,10,יד שרה,14,8,8,0.5,0,0,0,0,0,0,0,1,0,0,1,0,0,0,1,0,1,0,0
120,0,16,נובה,30,14,12,0.6,0,0,1,0,0,0,0,1,1,0,0,0,0,0,0,0,0,0,0
120,1,20,לב אחד,25,13,10,0.7,0,1,1,0,0,0,0,1,0,0,0,0,0,0,0,0,0,0,1
120,2,20,גדולים מהחיים,12,11,11,0.5,0,0,1,0,0,0,0,0,0,0,0,1,0,1,0,0,0,0,0
150,2,15,גדולים מהחיים,16,10,7,0.45,0,0,0,0,0,0,0,0,1,1,0,0,0,0,0,0,0,1,0
60,2,18,לב אחד,27,19,16,0.3,0,0,0,0,1,0,0,0,1,0,0,0,0,0,0,0,1,0,0
90,0,13,לב אחד,7,1,1,0.75,0,0,0,0,1,1,0,0,1,0,1,0,0,0,0,0,0,0,0
90,0,16,גדולים מהחיים,25,18,15,0.35,0,1,0,0,0,0,0,0,1,0,0,0,0,0,0,0,1,0,0
180,0,14,לב אחד,30,21,21,0.5,0,0,0,0,0,0,1,0,0,1,0,0,1,0,0,1,0,0,0
120,3,17,יד שרה,25,15,13,0.4,0,0,0,1,0,0,0,0,0,0,0,0,1,0,0,0,0,1,0
90,0,10,יד שרה,22,19,18,0.35,0,0,0,0,0,0,1,0,0,1,0,0,0,0,0,0,0,0,0
60,1,9,יד שרה,6,0,0,0.7,1,1,0,0,0,0,0,1,0,0,0,1,0,0,0,0,0,0,0
90,0,18,נובה,21,13,9,0.35,0,0,0,0,1,0,0,0,0,0,0,0,0,0,0,0,0,1,0
90,5,15,לתת,13,12,11,0.35,0,0,0,1,1,0,1,0,0,0,0,0,0,0,0,0,1,0,0
60,0,17,יד שרה,25,13,13,0.5,0,0,0,0,0,0,0,0,0,0,1,0,0,0,1,0,0,0,1
90,2,16,לתת,5,2,0,0.75,0,0,0,0,0,0,0,1,0,0,0,1,0,0,0,1,0,0,0
60,0,15,נובה,29,20,20,0.3,0,0,0,0,0,0,0,0,0,1,0,0,0,0,1,0,0,0,0
120,0,18,לתת,17,13,10,0.4,1,0,1,0,0,0,0,0,0,0,0,0,0,0,0,0,0,0,0
90,6,8,לתת,25,11,9,0.85,0,0,0,0,0,0,0,0,1,1,1,0,0,0,0,0,0,0,0
60,3,9,יד שרה,7,4,3,0.5,0,0,0,0,0,1,1,1,0,0,0,0,0,0,0,0,0,0,0
90,2,10,יד שרה,6,5,3,0.55,0,0,0,0,0,0,0,0,1,0,0,1,0,0,0,0,0,0,1
90,2,13,נובה,27,12,9,0.75,1,0,0,0,0,1,0,0,0,0,0,0,0,0,0,0,0,1,1
90,1,10,יד שרה,13,5,4,0.75,0,1,0,0,1,0,0,1,0,0,0,0,0,0,0,0,0,0,0
60,3,15,לב אחד,16,8,8,0.5,0,0,0,0,0,1,0,0,0,0,1,1,0,0,0,0,0,0,0
90,4,18,לב אחד,5,2,2,0.35,0,1,0,1,0,0,0,0,0,0,0,0,0,0,0,0,0,0,0
120,6,13,יד שרה,14,11,10,0.4,0,1,0,1,0,0,1,0,0,0,0,0,0,0,0,0,0,0,0
60,4,19,לב אחד,13,7,4,0.6,0,0,0,0,0,0,1,0,1,0,0,0,1,0,0,0,0,0,0
180,3,15,גדולים מהחיים,21,15,11,0.5,0,0,0,0,0,0,0,0,1,0,0,0,0,1,0,0,0,0,0
120,1,16,לב אחד,9,9,7,0.4,0,0,0,1,0,0,0,0,1,1,0,0,0,0,0,0,0,0,0
60,6,9,נובה,19,15,11,0.3,0,0,0,1,1,1,0,0,0,0,0,0,0,0,0,0,0,0,0
120,3,18,גדולים מהחיים,7,4,2,0.6,0,0,0,1,0,0,0,0,0,0,0,0,0,0,1,0,0,0,0
150,3,9,לתת,24,8,8,0.85,0,0,0,0,0,0,0,0,0,0,0,0,0,0,0,1,0,0,1
180,3,19,גדולים מהחיים,16,10,9,0.6,0,1,0,0,0,0,0,0,0,1,0,0,0,0,0,0,0,0,0
120,2,12,גדולים מהחיים,14,9,7,0.4,0,1,0,0,0,0,0,0,0,0,0,1,0,1,0,0,0,0,0
120,4,10,לתת,21,12,6,0.8,1,0,1,0,0,1,0,0,0,0,0,0,0,0,1,0,0,0,1
60,2,9,יד שרה,24,15,15,0.5,0,1,0,0,0,0,0,1,1,0,0,0,0,0,0,0,1,1,0
180,4,13,לתת,6,0,0,0.7,0,0,0,0,0,1,0,0,0,0,0,0,1,0,0,0,0,0,0
180,5,12,נובה,19,17,16,0.5,0,0,0,0,1,0,0,0,0,0,0,0,0,0,0,1,1,0,0
60,0,11,לב אחד,15,8,6,0.3,0,0,0,1,0,1,0,0,0,0,0,0,0,0,0,0,0,0,0
150,4,8,לב אחד,22,16,14,0.55,1,0,0,0,0,0,0,0,0,0,0,0,0,0,0,0,0,1,0
150,1,12,לתת,27,12,9,0.85,1,0,1,0,0,0,0,0,0,0,1,0,0,0,0,0,0,0,0
120,2,10,לתת,22,19,19,0.4,0,0,0,0,1,0,1,0,0,1,0,0,0,0,0,0,0,1,0
180,4,18,נובה,18,13,11,0.5,0,0,1,0,0,0,0,0,0,0,0,0,0,0,0,0,1,0,0
180,2,14,יד שרה,17,7,2,0.9,0,0,0,0,0,1,0,0,1,0,1,0,0,0,1,0,0,1,0
150,6,12,נובה,16,7,4,0.65,0,0,1,0,1,0,0,0,0,0,0,0,1,0,0,0,0,1,0
150,0,9,לב אחד,7,7,4,0.65,0,0,0,0,0,0,0,1,1,0,0,0,1,0,0,0,0,0,0
180,2,10,לתת,9,3,3,0.9,1,0,1,0,0,0,0,0,0,0,1,0,0,0,0,0,0,1,0
180,3,12,נובה,26,18,16,0.5,0,1,0,0,0,1,0,0,1,0,0,0,0,0,1,0,0,0,0
90,0,20,לתת,7,4,3,0.65,0,0,0,0,0,0,0,0,0,0,0,0,0,0,0,1,1,0,1
120,6,15,גדולים מהחיים,10,4,4,0.6,0,0,0,0,0,0,0,0,0,0,0,1,0,0,0,1,0,0,1
120,5,17,גדולים מהחיים,7,2,2,0.8,1,0,1,0,0,1,0,1,0,0,0,0,0,0,1,0,0,0,0
150,6,12,לב אחד,18,12,9,0.45,0,0,0,0,0,0,0,0,0,0,0,1,1,0,1,0,0,0,0
90,4,12,לתת,16,8,6,0.75,0,0,0,0,0,0,0,0,0,0,1,0,0,1,0,0,0,0,0
180,2,15,גדולים מהחיים,29,14,14,0.7,1,0,0,0,0,0,0,0,0,0,0,0,0,0,0,0,0,0,1
120,1,16,גדולים מהחיים,10,4,4,0.4,0,0,0,0,1,0,0,0,1,0,0,1,0,0,0,1,0,0,0
120,3,19,יד שרה,23,15,14,0.7,0,0,0,0,0,0,0,1,0,0,0,0,0,0,1,0,0,1,0
180,0,10,נובה,6,4,1,0.9,0,0,0,0,0,0,0,1,0,0,0,0,1,0,0,0,0,0,0
120,2,20,גדולים מהחיים,26,21,18,0.5,0,0,0,0,0,1,1,0,0,0,0,0,1,0,0,1,0,1,0
60,3,16,גדולים מהחיים,29,19,17,0.3,0,0,0,0,0,0,0,0,0,1,0,0,0,0,0,0,0,0,0
120,1,12,גדולים מהחיים,16,7,6,0.8,1,0,0,0,0,0,0,1,0,0,0,0,0,0,0,0,0,0,0
150,5,14,לתת,17,14,14,0.45,0,0,0,0,0,1,0,0,0,1,0,0,0,0,0,0,0,0,0
150,4,11,לב אחד,25,21,19,0.45,1,0,0,0,0,1,0,0,0,0,0,0,0,0,0,0,0,0,0
60,5,20,לב אחד,26,19,18,0.4,1,0,1,0,0,0,0,0,0,0,0,0,0,0,1,0,1,0,0
120,6,8,לתת,29,22,18,0.5,0,0,1,0,1,0,0,0,0,1,0,0,0,0,0,0,1,0,0
120,1,19,גדולים מהחיים,25,21,18,0.5,0,0,0,0,0,0,1,0,0,0,0,0,0,0,0,0,1,0,0
180,3,18,יד שרה,26,12,10,0.9,1,0,0,1,0,0,0,0,0,0,1,0,0,0,0,0,0,1,0
180,1,17,לתת,12,5,1,0.9,0,1,1,0,0,0,0,0,0,0,0,0,0,0,0,0,0,0,1
60,1,13,לתת,17,10,4,0.5,0,0,0,0,0,0,0,0,0,0,0,0,1,0,0,1,0,0,0
60,6,15,לב אחד,12,9,8,0.5,0,0,0,0,0,0,0,0,0,0,1,1,0,0,0,0,0,0,0
180,6,15,גדולים מהחיים,6,4,0,0.7,0,0,0,0,0,0,1,0,0,0,0,0,0,1,1,1,0,0,0
180,4,9,יד שרה,8,7,7,0.5,0,1,0,0,0,0,1,0,0,0,0,1,0,0,0,0,0,0,0
180,5,19,לתת,12,8,7,0.6,0,0,1,0,0,0,1,0,0,0,0,1,0,0,0,0,1,0,0
120,0,18,נובה,10,8,8,0.4,0,0,0,0,1,0,0,0,1,0,0,0,0,0,0,1,0,0,0
90,0,8,לב אחד,9,7,7,0.45,0,0,0,0,0,0,0,0,1,1,0,0,0,0,0,1,0,0,0
60,6,8,לתת,26,18,16,0.4,0,0,0,0,0,0,0,0,0,1,0,0,0,0,1,0,0,0,0
120,4,16,לב אחד,9,4,3,0.6,1,0,0,0,0,0,0,0,0,0,0,0,1,0,0,0,0,0,0
180,5,12,לב אחד,14,11,8,0.5,1,0,0,1,0,0,1,0,0,0,0,0,0,0,0,0,0,0,0
150,0,9,לתת,19,11,10,0.65,0,0,0,0,0,1,0,0,1,0,0,0,0,0,0,0,0,0,1
90,6,17,לב אחד,18,8,8,0.55,0,0,0,1,0,0,0,1,0,0,0,0,0,0,0,0,0,0,0
90,1,9,נובה,8,2,1,0.55,0,1,0,0,0,0,1,0,0,0,0,0,0,0,0,0,0,1,0
90,4,16,נובה,21,16,11,0.35,0,0,0,0,1,1,0,0,0,0,0,0,0,0,0,0,0,0,0
90,0,20,לתת,12,7,7,0.45,1,0,0,0,0,0,1,0,0,0,0,0,1,0,0,0,1,0,0
90,0,18,יד שרה,27,21,18,0.35,0,0,0,1,0,0,0,0,0,0,0,0,0,0,0,0,0,0,0
180,6,10,גדולים מהחיים,9,5,5,0.5,0,1,0,0,0,1,0,0,1,1,0,0,0,0,0,1,0,0,0
90,6,11,יד שרה,27,23,20,0.35,1,0,0,0,1,0,1,0,0,1,0,1,0,0,0,0,0,0,0
180,3,8,לב אחד,22,18,17,0.6,0,1,1,0,0,0,1,0,0,0,0,0,0,0,0,0,0,0,0
60,3,19,נובה,9,9,9,0.4,1,0,0,0,0,0,1,0,0,0,0,0,0,0,0,0,0,0,0
90,4,11,לב אחד,24,18,17,0.35,0,0,1,0,0,0,0,0,1,0,0,0,0,0,0,0,0,0,0
90,0,13,נובה,27,16,16,0.35,0,0,0,0,0,1,0,0,0,0,0,1,0,0,0,0,1,1,0
120,1,13,נובה,16,8,6,0.6,0,0,1,0,0,0,0,0,0,0,0,1,0,0,0,1,0,0,0
90,0,20,לב אחד,19,16,15,0.45,0,0,0,0,1,0,0,0,0,0,0,0,0,0,1,0,0,1,0
150,5,19,לתת,17,9,8,0.55,0,0,0,0,0,0,0,0,0,0,0,0,1,0,0,0,0,1,0
90,3,19,נובה,9,6,3,0.65,1,0,0,0,0,0,0,0,0,0,0,0,0,1,0,1,0,0,0
120,6,19,גדולים מהחיים,10,8,7,0.7,1,0,0,1,0,0,0,1,1,0,0,0,0,0,0,0,0,0,0
180,2,19,גדולים מהחיים,22,17,16,0.6,0,0,0,0,0,0,0,0,1,1,0,0,0,0,0,0,0,0,0
60,5,16,לתת,7,4,0,0.7,0,0,0,0,0,0,0,0,1,0,1,1,0,0,0,0,1,0,0
150,1,10,יד שרה,18,11,11,0.45,0,1,0,0,0,0,0,0,0,1,0,0,0,0,0,0,0,0,0
120,0,18,לתת,18,15,12,0.4,0,0,1,0,0,1,0,0,0,0,0,0,1,0,0,0,0,0,0
120,0,14,לב אחד,11,3,0,0.8,0,0,1,0,0,0,0,1,0,1,0,0,0,0,0,0,1,0,0
90,0,9,לב אחד,25,10,10,0.55,0,1,0,1,0,0,0,1,0,0,0,1,0,0,0,0,0,0,0
90,0,12,נובה,20,7,4,0.75,0,0,0,0,0,0,0,1,0,0,0,0,0,0,0,0,1,0,1
180,6,19,נובה,13,5,5,1.0,0,0,0,0,0,1,0,1,1,0,0,0,0,0,0,0,0,0,0
150,6,13,גדולים מהחיים,8,3,0,0.85,1,0,0,0,0,0,0,1,0,1,0,0,0,0,0,1,1,0,0
120,3,8,גדולים מהחיים,13,5,4,0.7,0,0,1,0,0,1,0,0,0,0,0,0,0,0,0,0,0,0,0
180,4,20,יד שרה,24,11,9,1.0,0,0,1,1,0,0,0,1,0,0,0,0,1,0,0,0,0,0,1
180,4,11,יד שרה,10,8,3,0.7,1,1,0,0,0,0,0,0,0,0,0,0,0,0,0,0,0,0,0
90,5,20,יד שרה,15,12,12,0.45,0,1,0,0,0,0,0,0,0,0,0,1,0,0,0,0,0,0,0
120,5,8,לתת,25,19,18,0.5,1,0,0,0,0,0,0,0,0,0,0,0,0,0,0,0,0,1,0
60,1,12,לב אחד,8,5,3,0.5,0,0,0,0,1,0,0,0,0,1,0,0,0,0,0,0,0,0,0
180,3,17,נובה,12,4,3,0.9,0,0,1,0,0,0,0,1,0,0,0,0,0,1,1,0,0,1,0
90,3,13,נובה,17,7,7,0.55,0,0,0,0,0,0,0,0,0,0,1,0,0,1,0,0,0,0,0
120,4,17,יד שרה,28,17,15,0.4,0,0,0,0,0,1,0,0,0,0,0,0,0,0,1,0,0,0,0
90,1,17,לתת,7,4,0,0.55,1,0,0,0,0,0,0,0,0,0,0,0,0,0,0,1,0,0,0
180,1,15,לב אחד,10,2,2,0.9,0,0,0,0,0,1,0,1,0,0,0,0,0,0,0,0,0,0,0
60,1,19,לתת,15,12,12,0.4,0,0,0,0,0,0,0,0,1,0,0,0,1,0,0,0,0,0,0
150,3,9,נובה,6,3,1,0.65,0,0,0,0,1,0,0,0,0,0,0,0,0,0,0,0,1,0,0
90,0,8,גדולים מהחיים,7,2,1,0.85,0,1,0,0,1,0,0,1,1,0,0,0,0,0,0,0,0,0,0
180,4,18,לתת,19,5,5,0.9,0,0,0,0,0,1,0,0,0,0,1,0,0,0,1,1,0,0,0
90,1,12,לב אחד,5,5,2,0.35,1,0,0,0,1,0,0,0,1,0,0,0,0,0,1,0,0,0,0
150,0,15,גדולים מהחיים,5,5,0,0.65,1,0,0,0,0,0,0,0,0,0,0,1,0,1,0,0,0,1,0
150,0,8,יד שרה,7,3,3,0.75,1,0,0,0,0,0,0,1,0,0,0,0,0,1,0,0,0,0,0
180,6,12,נובה,26,18,13,0.5,0,0,0,0,0,0,0,0,1,0,0,1,0,0,0,0,0,0,0
90,3,19,יד שרה,16,11,11,0.45,0,0,1,0,0,0,0,0,0,1,0,0,0,0,0,0,0,0,0
180,5,16,לתת,17,7,7,0.7,0,1,0,0,0,0,0,0,1,0,1,0,0,0,0,1,0,0,0
180,4,15,יד שרה,26,23,20,0.5,0,1,0,0,0,0,1,0,0,0,0,1,0,0,0,0,0,0,0
150,0,9,יד שרה,7,0,0,0.65,1,0,0,0,0,0,1,0,1,0,0,0,0,0,0,0,0,0,0
90,2,10,גדולים מהחיים,30,13,8,0.75,0,0,0,0,1,0,0,0,0,1,1,0,0,0,0,0,0,0,0
180,0,14,לב אחד,13,9,7,0.5,0,0,0,1,0,0,0,0,0,0,0,0,1,0,0,0,0,0,0
180,5,8,גדולים מהחיים,13,3,3,1.0,1,0,0,0,0,0,0,1,1,0,0,0,0,0,0,0,0,0,0
120,5,17,יד שרה,5,4,4,0.4,0,0,0,0,0,1,0,0,0,0,0,0,1,0,0,0,0,0,0
120,2,13,יד שרה,19,12,11,0.4,0,0,1,0,0,0,1,0,0,0,0,0,0,0,0,0,0,0,0
60,3,12,לתת,11,5,4,0.5,0,0,0,0,0,0,0,0,0,0,0,1,0,0,1,0,1,0,0
150,5,11,יד שרה,23,21,19,0.45,1,0,0,0,0,0,0,0,0,0,0,0,0,0,0,0,0,0,0
180,4,9,גדולים מהחיים,13,8,8,0.5,0,1,0,0,0,0,0,0,0,0,0,0,1,0,0,0,1,1,0
120,6,8,לתת,22,11,7,0.9,0,0,0,0,0,0,0,1,0,0,0,0,0,1,0,0,0,0,0
180,0,16,יד שרה,9,4,4,0.7,0,0,0,0,0,0,0,0,0,0,0,0,0,0,1,0,0,0,1
60,0,10,לב אחד,9,3,2,0.7,0,1,0,1,0,1,0,0,0,0,0,0,0,0,0,0,0,0,1
120,5,10,גדולים מהחיים,12,9,9,0.4,0,0,0,0,0,0,0,0,1,0,0,0,0,0,0,1,0,0,0
90,4,14,יד שרה,20,15,14,0.35,1,0,0,0,0,0,0,0,0,0,0,0,0,0,0,1,0,0,0
120,5,8,לב אחד,5,0,0,0.9,0,0,0,0,0,0,0,0,0,1,0,0,0,1,0,0,1,0,1
180,2,15,יד שרה,9,5,3,0.7,0,1,1,0,0,0,0,0,0,0,0,0,0,0,0,1,0,0,0
120,4,10,לב אחד,10,5,3,0.8,0,1,0,0,0,0,0,1,1,0,0,0,0,0,1,0,0,0,0
60,1,14,לתת,11,8,7,0.3,0,0,0,1,0,0,0,0,0,0,0,1,0,0,0,0,0,1,0
60,2,19,לתת,7,1,0,0.8,0,0,0,0,0,0,0,0,0,0,0,0,0,0,1,1,0,0,1
120,0,18,גדולים מהחיים,27,19,18,0.4,0,0,1,0,0,0,0,0,0,0,0,0,0,0,1,0,0,0,0
60,6,20,לתת,12,8,5,0.4,0,0,0,0,0,1,0,0,0,0,0,1,0,0,1,0,0,1,0
180,0,16,לב אחד,29,11,10,0.9,0,0,0,0,0,0,0,0,0,0,1,0,0,0,1,0,0,0,0
90,1,8,גדולים מהחיים,7,7,7,0.45,1,0,0,0,0,0,0,0,0,0,0,0,1,0,0,1,0,0,0
90,2,8,יד שרה,29,11,7,0.85,0,1,0,1,0,0,1,1,0,0,0,0,0,0,0,0,0,1,0
180,2,8,גדולים מהחיים,8,5,5,0.6,0,0,0,1,0,1,0,0,0,0,0,0,0,0,0,0,0,1,0
150,1,14,לתת,5,2,0,0.85,0,0,0,0,0,1,0,0,0,0,1,0,0,0,0,0,0,1,0
120,0,14,גדולים מהחיים,19,13,10,0.4,0,0,0,0,1,1,0,0,0,0,0,0,0,0,0,0,0,0,0
60,3,15,נובה,19,16,14,0.3,0,0,0,0,0,0,1,0,0,0,0,0,0,1,0,0,1,0,0
60,6,17,לב אחד,17,12,11,0.3,0,0,0,0,1,0,1,0,0,0,0,0,0,0,0,0,0,0,0
90,6,20,גדולים מהחיים,13,7,7,0.65,1,0,1,0,0,0,0,1,0,0,1,0,0,0,0,0,0,0,0
180,2,11,גדולים מהחיים,24,12,10,0.7,0,0,0,0,0,0,0,0,0,0,0,0,0,0,0,0,0,1,1
90,6,19,יד שרה,29,22,21,0.45,1,0,0,0,0,0,1,0,0,0,0,1,1,0,0,0,0,0,0
90,0,15,לב אחד,15,10,9,0.55,0,0,0,1,0,0,0,0,1,0,1,0,1,0,0,0,1,0,0
60,6,13,יד שרה,26,12,12,0.5,0,0,1,0,0,0,0,1,0,1,0,0,0,0,0,0,0,1,1
60,2,12,נובה,18,11,11,0.3,0,0,0,1,0,1,0,0,0,1,0,0,0,0,0,0,0,0,0
60,1,18,גדולים מהחיים,21,17,13,0.3,0,0,0,0,1,1,1,0,0,0,0,0,0,0,0,0,0,0,0
180,2,16,יד שרה,6,2,0,0.7,0,0,0,0,0,0,0,0,0,1,0,0,0,0,0,1,0,1,0
120,6,17,גדולים מהחיים,19,16,14,0.4,0,0,0,0,0,1,0,0,1,0,0,0,0,0,0,0,0,0,0
180,0,19,גדולים מהחיים,7,2,2,1.0,1,0,0,0,0,0,0,0,0,0,1,0,0,0,1,0,0,0,0
180,2,15,לב אחד,22,14,14,0.5,0,0,0,0,0,1,0,0,0,0,0,0,0,0,1,0,0,0,0
180,4,8,גדולים מהחיים,25,19,19,0.6,0,1,1,0,0,1,0,0,0,0,0,0,0,0,0,1,0,0,0
150,5,9,יד שרה,30,24,18,0.45,0,0,0,0,0,0,0,0,0,0,0,0,1,0,0,0,1,1,0
180,3,20,נובה,10,7,7,0.8,0,0,0,1,0,0,1,1,0,1,0,0,0,0,0,0,0,0,0
90,2,12,לתת,8,5,4,0.35,0,0,0,0,1,0,0,0,0,1,0,0,0,0,0,0,1,0,0
90,1,15,נובה,6,2,2,0.55,0,0,1,1,0,0,0,0,0,0,0,0,0,0,0,0,0,0,0
60,1,19,לתת,8,6,5,0.6,0,0,0,1,0,0,0,0,0,0,1,0,0,0,0,0,0,0,0
90,0,12,גדולים מהחיים,27,23,23,0.35,0,0,0,0,1,0,0,0,0,0,0,0,1,1,0,0,0,0,0
120,1,19,לב אחד,25,18,18,0.5,0,1,0,0,0,0,1,0,0,1,0,0,0,0,0,0,0,0,0
120,4,9,נובה,11,6,4,0.8,0,0,0,0,0,0,0,1,0,0,0,0,0,1,1,0,0,0,0
150,3,15,יד שרה,13,6,6,0.65,0,1,0,0,0,0,0,0,1,1,0,0,0,0,0,0,0,0,1
90,0,11,נובה,29,14,14,0.35,0,0,0,1,0,0,0,0,0,0,0,0,1,0,0,0,0,0,0
150,0,13,נובה,8,5,1,0.65,0,0,0,0,0,0,0,0,0,0,0,1,0,0,1,0,0,0,0
90,3,13,לב אחד,18,15,15,0.35,1,0,0,0,0,1,1,0,0,0,0,0,0,0,1,0,0,0,0
120,5,11,יד שרה,10,5,3,0.6,0,0,0,1,0,0,0,0,0,0,0,0,0,1,0,0,0,0,0
90,6,15,גדולים מהחיים,14,6,5,0.75,0,0,0,0,0,0,0,0,1,0,0,1,0,0,1,0,0,0,1
120,3,14,לתת,14,4,1,0.8,0,0,0,0,1,0,0,0,0,0,0,0,0,0,0,0,1,0,1
120,0,19,לב אחד,28,16,13,0.7,0,0,0,0,0,0,0,1,0,1,1,1,0,0,0,0,0,0,0
120,4,13,לתת,24,19,18,0.4,0,0,1,0,0,0,0,0,0,0,0,0,0,0,0,0,0,0,0
90,6,20,לב אחד,11,2,1,0.85,0,1,0,0,1,0,0,0,0,0,0,0,1,0,0,0,0,0,1
120,0,18,גדולים מהחיים,8,4,2,0.8,0,0,0,0,0,0,0,1,0,0,1,0,0,0,0,0,0,1,0
150,6,10,יד שרה,11,7,7,0.45,0,0,0,1,0,1,0,0,0,0,0,0,0,0,1,0,0,0,0
90,0,16,יד שרה,16,10,7,0.35,1,0,0,1,0,0,0,0,1,0,0,0,0,0,0,0,1,0,0
150,1,15,לתת,9,6,6,0.65,0,0,0,0,0,0,0,0,0,0,0,0,0,0,0,0,1,1,1
90,6,17,יד שרה,21,10,8,0.55,0,0,1,1,0,0,0,0,0,1,0,1,0,0,0,0,1,0,0
120,6,19,לתת,13,5,3,0.9,0,0,0,0,1,0,0,0,0,0,1,0,0,0,1,0,0,0,0
150,3,18,לתת,12,6,4,0.85,0,0,0,0,0,0,0,0,0,0,1,0,1,0,0,1,0,1,0
180,5,19,לתת,17,17,14,0.6,1,0,0,0,0,0,1,0,0,0,0,0,0,0,0,0,0,0,0
180,2,13,גדולים מהחיים,8,2,2,0.9,0,0,0,0,0,0,0,0,1,0,0,0,0,0,0,0,0,0,1
120,0,10,יד שרה,30,20,15,0.4,0,1,0,0,0,0,0,0,0,0,0,0,0,0,0,0,0,0,0
180,4,11,לב אחד,16,4,2,0.9,0,0,0,0,1,0,0,1,0,0,0,0,0,0,1,0,0,0,1
90,5,20,לב אחד,10,6,6,0.65,0,0,0,0,0,0,1,1,1,0,0,0,0,0,1,0,0,0,0
120,3,18,לתת,28,11,10,0.8,0,0,0,0,0,0,0,0,0,0,1,0,0,0,0,0,0,0,0
150,1,16,גדולים מהחיים,7,4,4,0.45,1,0,0,0,1,0,0,0,0,0,0,0,0,0,0,1,1,0,0
120,1,19,לתת,22,10,5,0.9,0,0,0,0,0,0,0,0,0,0,1,0,0,1,0,0,0,0,0
150,5,11,נובה,22,15,12,0.45,1,0,0,0,1,0,0,0,0,0,0,1,0,0,0,1,0,0,0
150,3,15,נובה,25,11,11,0.65,0,0,0,1,1,0,0,1,0,0,0,0,0,0,0,0,0,0,0
180,5,16,גדולים מהחיים,22,13,13,0.5,0,0,0,1,0,0,0,0,0,0,0,0,0,0,0,0,0,0,0
150,5,15,לתת,28,17,16,0.65,1,0,0,0,0,0,0,0,0,0,0,0,1,0,0,0,0,0,1
60,4,20,לב אחד,10,5,5,0.4,0,0,0,1,0,0,0,0,0,0,0,1,1,0,0,0,1,0,0
150,4,20,גדולים מהחיים,27,22,19,0.55,0,0,0,0,0,0,1,0,0,0,0,0,0,1,0,0,0,0,0
60,3,20,לב אחד,8,5,1,0.8,0,0,0,0,0,0,0,1,0,1,0,0,0,0,0,0,0,1,0
150,1,18,גדולים מהחיים,27,14,12,0.65,0,0,0,1,0,0,0,1,0,1,0,0,0,0,0,0,0,0,1
60,6,19,נובה,6,4,2,0.8,0,0,0,0,0,0,0,0,0,0,1,0,1,0,0,0,0,0,1
120,2,16,גדולים מהחיים,6,3,0,0.8,1,1,0,0,0,0,0,1,0,0,0,0,0,0,0,1,0,0,0
90,4,19,גדולים מהחיים,14,11,11,0.65,0,0,1,0,0,0,0,0,0,0,1,0,0,0,0,0,0,0,0
120,1,16,גדולים מהחיים,25,21,21,0.4,0,0,1,1,1,0,0,0,0,0,0,0,0,0,0,0,0,0,0
180,3,20,נובה,7,7,7,0.6,0,0,1,0,0,1,0,0,0,0,0,1,0,0,0,1,1,0,0
180,5,18,נובה,29,22,22,0.5,0,0,0,1,1,0,0,0,1,0,0,0,0,0,1,0,0,0,0
90,1,13,יד שרה,25,13,6,0.75,0,0,0,0,0,0,0,0,0,1,1,0,0,0,0,0,0,1,0
90,1,10,גדולים מהחיים,9,4,3,0.55,0,0,0,0,0,0,0,0,0,0,0,0,0,0,0,1,0,1,0
120,6,10,נובה,15,10,9,0.4,1,0,0,1,0,0,0,0,0,0,0,0,1,0,0,0,0,1,0
60,6,15,נובה,10,9,7,0.3,0,0,0,0,0,1,1,0,0,0,0,0,0,0,0,1,0,0,0
60,0,19,לב אחד,5,0,0,0.6,1,0,1,0,0,0,0,0,0,0,0,0,0,0,0,1,0,0,0
150,6,17,לתת,21,11,11,0.65,0,0,0,0,0,0,0,1,0,0,0,0,1,0,1,0,0,0,0
180,1,8,גדולים מהחיים,25,19,14,0.6,0,0,1,0,0,0,1,0,0,0,0,0,1,1,0,0,0,0,0
150,2,19,לתת,12,5,3,0.95,0,0,1,0,0,0,0,0,0,0,1,0,0,0,0,0,1,0,0
60,6,13,גדולים מהחיים,23,16,14,0.3,0,0,0,1,1,0,0,0,0,0,0,1,0,0,1,0,0,0,0
90,2,20,לב אחד,18,10,10,0.45,0,1,0,1,1,0,0,0,0,0,0,0,0,0,0,0,0,0,0
120,3,13,לתת,21,14,11,0.6,0,0,0,0,0,0,0,0,1,0,0,0,0,0,0,0,0,0,1
90,3,9,יד שרה,6,6,3,0.35,0,0,0,0,0,0,1,0,0,0,0,0,0,0,0,0,0,1,0
60,5,14,נובה,5,3,0,0.7,0,0,0,0,0,0,0,1,1,0,0,0,0,0,0,0,0,0,1
120,2,12,יד שרה,14,11,8,0.4,0,0,0,0,1,0,1,0,1,0,0,0,0,0,0,0,0,0,0
150,5,20,לתת,12,6,4,0.95,1,0,0,0,0,0,1,1,0,0,0,0,0,0,0,0,1,0,1
120,2,10,נובה,6,2,2,0.6,0,0,0,1,0,1,1,0,0,0,0,0,0,0,0,0,0,0,0
60,1,8,לב אחד,14,10,10,0.4,0,0,0,0,0,0,0,0,0,0,0,1,0,1,0,0,0,1,0
180,1,9,נובה,25,21,14,0.5,0,0,0,0,0,1,1,0,0,0,0,0,0,0,0,1,0,0,0
90,1,20,לתת,5,2,0,0.85,0,0,0,0,0,1,0,0,0,0,0,0,0,0,0,0,0,0,1
90,6,17,יד שרה,14,11,7,0.55,0,0,0,0,1,0,0,0,0,0,1,0,0,0,0,0,0,0,0
180,3,17,יד שרה,10,6,5,0.7,1,0,0,0,0,0,0,0,0,1,1,0,0,0,0,0,0,0,0
90,6,9,לתת,14,14,9,0.35,0,0,0,1,0,1,0,0,0,0,0,0,0,0,0,0,1,1,0
60,3,16,גדולים מהחיים,22,13,13,0.5,0,0,0,1,0,0,1,1,0,0,0,0,0,0,0,1,0,0,0
150,6,12,נובה,30,14,13,0.65,0,0,0,1,0,0,0,0,0,1,1,0,0,0,1,0,0,0,0
150,1,11,יד שרה,12,9,9,0.45,1,0,0,0,1,0,0,0,0,0,0,0,0,0,0,0,0,0,0
150,1,12,גדולים מהחיים,10,2,0,0.85,0,1,0,0,0,0,0,1,0,0,0,0,0,0,1,0,0,0,1
150,1,12,לתת,29,14,10,0.85,0,0,0,0,0,0,0,0,1,1,1,0,0,0,0,0,1,0,0
90,5,12,לתת,24,13,11,0.55,0,0,0,0,0,1,0,0,0,0,1,0,0,1,0,0,0,0,0
180,0,20,לתת,10,4,2,1.0,0,0,0,0,0,0,0,0,0,0,1,0,0,0,0,0,0,0,0
180,4,20,לב אחד,22,9,7,1.0,0,1,0,0,0,0,0,0,0,1,1,0,0,1,0,0,0,0,0
120,2,8,יד שרה,25,18,14,0.5,1,0,0,0,0,0,0,0,1,0,0,0,1,1,0,0,1,0,0
90,2,11,לב אחד,16,15,12,0.35,0,0,0,0,0,0,0,0,1,0,0,1,1,0,0,0,0,0,0
60,6,16,לתת,30,28,28,0.3,0,0,0,0,0,0,1,0,0,0,0,0,0,0,0,0,0,1,0
180,0,18,יד שרה,17,10,10,0.7,0,0,1,0,0,0,0,0,0,0,1,0,0,0,0,1,0,0,1
180,3,17,יד שרה,11,4,0,0.9,0,0,0,0,0,0,0,0,1,0,0,0,0,0,0,0,0,0,1
180,0,10,לב אחד,11,7,7,0.7,1,0,0,0,0,0,0,1,0,0,0,0,0,0,0,0,0,0,1
60,0,9,גדולים מהחיים,20,16,10,0.3,0,0,0,1,0,0,0,0,0,0,0,0,0,0,0,0,0,0,0
60,2,19,לב אחד,30,20,14,0.4,0,0,1,1,0,0,0,0,0,0,0,0,0,1,1,1,0,0,0
120,2,14,לב אחד,24,20,15,0.4,1,1,0,0,1,0,0,0,0,1,0,0,0,0,0,0,0,0,0
150,4,8,גדולים מהחיים,8,1,0,0.95,0,0,1,0,0,0,1,0,0,1,1,0,0,1,0,0,0,0,0
90,4,14,לתת,19,16,11,0.35,0,0,0,0,0,0,0,0,1,0,0,0,0,0,0,0,0,0,0
150,2,16,לב אחד,20,15,10,0.45,1,1,1,0,0,0,0,0,0,0,0,0,0,0,0,0,0,1,0
90,4,15,לב אחד,14,4,3,0.75,0,0,0,0,0,0,0,1,0,1,0,0,0,0,1,0,1,1,0
60,5,14,יד שרה,19,8,8,0.5,0,0,0,0,0,0,0,1,0,0,0,0,0,0,0,0,0,1,0
60,6,9,לב אחד,30,12,10,0.7,1,0,0,0,0,0,0,0,1,0,0,0,0,0,0,0,0,0,1
150,0,12,יד שרה,11,2,0,0.85,0,0,0,0,0,1,0,1,0,0,0,0,0,1,0,1,0,0,0
180,1,13,לב אחד,22,10,10,0.7,0,0,0,1,0,0,0,0,0,0,1,0,1,0,0,0,0,0,0
150,2,13,נובה,22,9,8,0.85,0,0,0,1,0,0,0,1,0,0,0,0,0,0,1,0,1,0,0
90,1,16,גדולים מהחיים,21,17,17,0.35,1,0,0,0,0,1,1,0,0,0,0,0,0,0,0,0,0,1,0
150,3,14,יד שרה,17,16,16,0.45,0,0,0,0,0,0,1,0,0,0,0,0,0,0,1,0,0,0,0
150,3,10,נובה,27,18,18,0.45,0,0,0,0,0,1,0,0,0,0,0,0,1,1,1,1,0,0,0
120,5,13,גדולים מהחיים,16,6,6,0.8,0,0,0,0,0,0,0,0,1,0,1,0,1,0,0,0,0,0,0
90,2,19,לתת,14,7,3,0.85,0,0,0,0,0,1,0,0,0,0,0,0,0,0,0,0,0,0,1
60,5,8,יד שרה,15,7,7,0.6,0,0,0,1,0,0,0,0,0,0,1,0,0,0,1,0,0,1,0
120,0,13,גדולים מהחיים,21,8,3,0.8,0,1,0,1,0,0,0,0,0,0,1,1,0,0,0,0,0,0,0
120,4,9,נובה,20,13,12,0.4,0,0,1,1,0,0,1,0,0,0,0,0,1,1,0,0,0,0,0
120,3,16,גדולים מהחיים,21,15,13,0.4,0,0,0,0,0,0,0,0,0,0,0,1,0,0,0,0,0,0,0
120,1,10,נובה,21,8,3,0.8,0,0,0,0,0,0,1,0,0,0,1,0,0,0,0,0,0,0,0
120,5,18,גדולים מהחיים,10,5,4,0.6,0,0,0,0,0,0,0,1,0,0,1,0,0,1,0,0,1,0,1
60,6,14,לתת,7,3,3,0.5,0,0,0,0,0,0,0,0,0,0,0,1,1,0,0,0,0,0,1
150,1,13,נובה,27,11,9,0.85,0,0,0,1,0,0,0,0,0,0,0,0,1,0,0,0,0,0,1
180,6,18,לתת,16,13,10,0.5,0,1,0,0,0,0,1,0,0,0,0,1,0,0,0,0,1,0,0
60,5,13,נובה,16,15,13,0.3,0,0,0,0,0,0,0,0,0,0,0,0,0,1,1,1,0,0,0
180,5,20,לב אחד,28,19,16,0.6,0,0,0,0,0,0,1,0,1,0,0,0,0,1,0,0,0,0,0
90,3,8,נובה,18,8,6,0.85,0,0,0,0,0,0,0,0,1,0,1,1,0,0,0,0,0,0,1
120,5,11,לב אחד,5,2,2,0.4,0,0,0,0,0,0,1,0,0,0,0,1,0,1,0,0,0,0,0
150,0,20,גדולים מהחיים,6,0,0,0.95,0,0,0,0,0,0,0,0,0,0,1,0,0,0,0,0,1,0,0
150,0,15,יד שרה,14,11,11,0.45,1,0,0,0,0,0,1,0,0,0,0,0,1,0,0,0,0,1,0
90,2,11,לתת,9,4,4,0.35,0,0,1,0,0,1,1,0,0,0,0,0,0,0,0,0,0,0,0
120,4,16,לתת,23,13,7,0.8,1,0,0,0,0,0,0,0,0,0,1,0,0,1,0,0,0,1,0
60,6,15,יד שרה,14,11,11,0.3,0,0,0,1,0,0,0,0,0,0,0,0,0,1,1,0,1,0,0
180,5,12,נובה,22,15,13,0.5,1,0,0,1,0,1,0,0,0,0,0,0,0,1,0,0,1,0,0
90,3,13,גדולים מהחיים,22,15,13,0.35,0,0,0,0,0,1,0,0,0,0,0,0,1,1,0,0,0,1,0
90,4,20,לב אחד,8,8,5,0.45,1,0,0,0,0,0,0,0,0,1,0,0,0,0,0,0,0,0,0
90,3,9,לב אחד,7,2,1,0.75,0,0,0,0,0,0,0,1,0,0,0,0,0,0,0,1,0,0,0
60,1,10,נובה,15,12,10,0.3,0,0,0,0,0,1,0,0,0,0,0,0,0,0,0,0,0,0,0
60,5,13,לב אחד,15,9,9,0.3,0,1,0,0,0,1,0,0,0,1,0,0,0,0,0,1,1,0,0
120,4,10,לתת,11,4,2,0.8,0,0,0,0,0,0,0,0,0,0,0,1,0,1,1,0,0,0,1
60,4,10,יד שרה,24,18,18,0.3,0,0,0,0,1,0,0,0,0,0,0,0,0,0,0,0,0,0,0
180,4,18,נובה,5,0,0,0.7,0,0,0,0,0,1,0,0,0,0,0,0,1,0,0,0,0,0,0
60,3,19,יד שרה,10,10,10,0.4,1,0,0,0,1,0,0,0,1,0,0,0,0,0,1,0,0,1,0
180,6,9,יד שרה,6,1,0,0.7,0,1,0,0,0,1,0,0,0,1,0,0,0,0,0,0,1,1,0
90,1,13,לב אחד,21,9,9,0.55,0,1,1,0,0,0,0,0,0,0,1,0,0,0,0,1,0,0,1
180,0,16,לתת,15,11,11,0.7,0,0,0,0,0,0,0,0,0,0,0,1,0,0,0,1,0,0,1
60,6,20,לב אחד,18,12,9,0.4,0,1,0,0,1,0,1,0,0,1,0,0,0,0,0,1,0,0,0
90,6,17,לתת,24,16,14,0.35,0,0,0,0,0,0,1,0,0,1,0,0,1,0,0,0,0,0,0
180,3,12,נובה,12,9,6,0.7,1,0,0,0,0,0,1,0,0,1,1,0,0,0,1,0,0,0,0
90,1,19,גדולים מהחיים,17,8,8,0.65,0,1,0,0,0,0,0,0,0,0,1,0,0,0,0,0,0,0,1
90,2,19,נובה,13,13,13,0.45,0,1,0,1,0,0,1,0,0,0,0,0,0,0,0,0,0,0,0
150,6,12,לתת,11,7,5,0.45,0,0,0,1,1,0,0,0,0,0,0,0,0,1,0,0,0,0,0
90,0,19,לב אחד,5,3,0,0.65,0,1,0,0,0,0,0,0,0,1,0,0,0,0,1,0,0,0,0
180,3,16,נובה,17,9,6,0.7,0,0,0,0,0,0,0,0,0,1,0,0,0,1,1,0,0,0,0
150,1,10,לב אחד,26,14,10,0.85,0,0,0,0,0,0,0,0,1,0,1,0,0,0,1,0,0,0,1
120,0,17,גדולים מהחיים,7,2,2,0.8,0,0,0,0,1,0,0,0,0,0,1,0,0,0,0,0,0,1,0
150,0,15,נובה,14,8,2,0.85,1,0,0,0,0,0,0,1,0,0,0,0,0,0,0,0,1,0,1
90,1,18,נובה,23,18,15,0.35,0,0,0,0,0,0,1,0,0,0,0,0,0,0,1,0,0,0,0
180,6,8,לב אחד,18,12,9,0.6,1,0,0,0,0,0,0,0,0,0,0,0,0,1,0,0,0,0,0
120,1,16,לב אחד,22,16,13,0.4,1,1,0,0,0,0,0,0,0,0,0,0,0,0,0,0,1,0,0
90,1,16,לתת,15,8,6,0.55,0,0,0,0,0,0,0,0,1,0,1,0,0,0,0,0,0,1,0
60,2,13,לב אחד,18,13,12,0.3,0,0,0,1,0,0,1,0,0,0,0,1,1,0,0,0,1,0,0
180,3,15,לב אחד,6,4,0,0.7,0,0,1,1,0,0,0,0,0,0,0,1,0,0,0,0,0,0,0
120,1,9,יד שרה,30,24,21,0.4,0,0,0,0,0,0,1,0,0,0,0,1,0,0,0,0,0,1,0
180,2,15,נובה,24,18,15,0.5,0,0,0,1,0,0,1,0,0,1,0,0,0,0,0,0,1,0,0
180,6,11,גדולים מהחיים,14,8,7,0.5,1,0,0,0,0,0,0,0,1,0,0,0,0,0,0,0,0,0,0
90,1,10,נובה,29,20,19,0.35,0,0,0,0,0,1,0,0,0,0,0,0,0,0,0,0,0,0,0
60,5,8,לתת,16,12,5,0.6,0,0,0,1,0,1,0,0,0,0,0,0,0,0,0,0,0,0,0
180,5,18,גדולים מהחיים,21,19,19,0.5,0,0,0,1,0,0,0,0,0,1,0,0,0,0,0,0,1,0,0
180,4,17,גדולים מהחיים,7,7,2,0.7,0,0,0,0,1,0,0,0,0,1,0,1,0,0,0,0,1,0,0
60,4,13,לתת,24,18,14,0.3,1,1,0,0,0,0,0,0,0,0,0,1,0,0,0,0,0,0,0
180,5,10,נובה,12,12,12,0.5,0,0,0,0,0,0,0,0,1,0,0,0,1,0,0,0,0,1,0
60,1,15,גדולים מהחיים,20,8,8,0.5,0,0,0,0,0,0,0,0,0,0,0,0,1,0,1,0,0,0,1
150,1,11,גדולים מהחיים,18,15,13,0.45,1,0,1,0,0,1,0,0,0,0,0,0,0,0,0,1,0,0,0
120,2,15,יד שרה,22,9,8,0.8,0,0,0,0,0,0,0,0,0,0,0,0,0,1,0,0,0,0,1
150,5,14,יד שרה,17,8,6,0.85,0,0,0,0,0,0,0,0,0,0,0,0,0,1,0,0,0,0,1
90,3,14,לב אחד,14,8,7,0.35,0,1,0,0,0,0,0,0,0,0,0,0,1,0,0,0,0,1,0
150,5,18,לתת,23,8,7,0.85,0,0,0,0,0,0,0,0,0,0,1,0,1,0,0,0,0,0,0
90,6,20,נובה,10,9,7,0.45,1,1,0,0,1,0,0,0,1,0,0,0,0,0,0,0,0,0,0
180,6,9,יד שרה,8,4,0,0.7,0,0,0,0,1,0,0,0,1,0,0,0,0,0,0,0,0,0,0
60,1,17,גדולים מהחיים,18,10,10,0.5,0,0,0,0,0,0,0,1,1,0,0,1,0,0,0,0,0,0,0
90,3,11,נובה,21,15,12,0.35,0,0,0,0,0,0,0,0,1,0,0,0,0,0,0,1,0,0,0
180,2,20,נובה,10,3,0,1.0,0,0,0,0,0,0,0,0,1,0,0,0,0,0,0,0,0,0,1
120,5,14,יד שרה,24,12,10,0.6,0,1,0,0,0,0,0,0,0,1,1,0,0,0,0,1,0,0,0
150,6,9,גדולים מהחיים,5,1,0,0.65,1,0,0,0,0,0,0,0,0,0,0,0,0,0,1,0,0,0,0
180,2,18,נובה,23,19,18,0.5,0,0,0,0,1,0,0,0,0,0,0,0,1,1,0,0,0,0,0
90,5,8,גדולים מהחיים,25,13,10,0.65,0,0,0,0,1,0,0,0,0,1,0,0,0,0,0,0,0,0,1
90,2,12,יד שרה,6,3,2,0.55,0,1,0,0,1,0,0,0,0,0,0,0,0,0,0,0,0,0,0
120,3,19,לב אחד,7,7,5,0.5,0,0,0,0,0,0,0,0,0,0,0,0,1,0,0,0,1,0,0
180,1,12,לב אחד,11,4,2,0.9,1,0,0,0,0,0,1,1,0,0,0,0,0,0,0,0,1,0,0
60,1,17,לתת,25,14,13,0.5,1,0,0,0,0,0,0,0,1,0,0,1,0,0,0,1,0,0,1
90,4,11,לתת,28,25,23,0.35,0,0,0,0,0,0,1,0,0,1,0,0,1,1,0,0,0,0,0
90,5,15,לתת,20,18,16,0.35,1,0,1,0,0,0,0,0,0,0,0,0,0,0,0,0,0,0,0
60,6,9,גדולים מהחיים,6,4,4,0.3,1,0,0,0,0,0,1,0,0,0,0,0,0,0,0,0,0,0,0
60,0,20,נובה,19,13,11,0.4,0,0,0,0,0,0,0,0,0,0,0,1,0,0,0,0,0,1,0
60,3,8,יד שרה,20,11,10,0.4,0,0,0,0,0,0,0,0,0,0,0,0,0,0,1,0,0,0,0
120,2,14,יד שרה,30,15,13,0.6,0,0,1,0,0,0,0,1,0,0,0,0,1,0,0,0,0,0,0
180,1,10,נובה,19,18,18,0.5,1,0,0,0,0,0,0,0,0,0,0,0,0,0,0,0,0,0,0
120,2,9,נובה,21,15,11,0.4,0,0,1,1,0,0,0,0,0,0,0,1,0,0,0,0,0,1,0
60,1,12,יד שרה,11,7,5,0.3,0,1,0,1,0,0,0,0,1,0,0,0,0,0,1,0,0,1,0
180,2,9,גדולים מהחיים,9,4,2,0.9,0,1,0,1,1,0,0,0,0,0,0,0,0,0,0,0,0,0,1
150,6,14,לב אחד,21,11,11,0.65,0,0,0,0,0,0,0,1,1,0,1,0,0,0,0,0,0,0,0
180,3,11,נובה,23,20,18,0.5,0,0,0,0,0,0,1,0,0,0,0,0,1,0,0,0,0,0,0
120,1,14,לב אחד,7,4,2,0.6,0,0,0,0,0,0,0,0,0,0,0,0,1,0,0,0,0,0,0
90,3,20,לתת,7,5,4,0.45,0,0,0,0,1,0,1,0,0,0,0,1,0,0,0,0,0,0,0
180,5,9,לב אחד,14,11,11,0.5,0,1,0,0,0,0,1,0,0,0,0,1,0,0,0,0,0,0,0
150,3,19,לתת,11,5,3,0.75,0,0,1,0,0,0,0,0,0,0,0,0,0,0,0,0,0,0,0
150,6,11,גדולים מהחיים,9,9,9,0.45,0,1,0,0,0,0,0,0,0,1,0,0,0,0,0,0,0,0,0
150,5,15,לב אחד,7,2,0,0.65,0,0,0,0,1,0,1,0,0,0,0,0,0,0,0,1,0,0,0
60,4,18,לב אחד,11,5,1,0.5,0,0,0,1,0,0,0,0,0,0,0,1,0,0,0,0,0,0,0
150,2,16,יד שרה,23,16,16,0.45,0,0,0,0,0,0,0,0,0,1,0,0,0,0,0,1,0,1,0
60,1,8,לב אחד,8,8,8,0.4,0,0,0,0,0,0,0,0,0,0,0,0,0,0,0,0,0,1,0
60,5,11,גדולים מהחיים,24,19,14,0.3,0,0,0,0,1,1,0,0,0,0,0,0,0,1,0,0,0,0,0
150,2,16,לתת,23,17,15,0.45,0,0,0,0,0,1,0,0,1,0,0,0,0,0,0,1,0,0,0
120,1,16,גדולים מהחיים,6,0,0,0.8,0,1,0,0,0,0,0,0,0,0,1,0,0,0,1,0,0,0,1
180,2,10,לב אחד,28,15,13,0.7,0,0,0,1,0,0,1,1,0,0,0,0,0,0,0,0,0,0,0
120,2,16,נובה,29,10,7,0.8,0,1,0,0,0,0,0,0,0,0,1,1,0,0,0,0,0,1,1
180,5,13,לב אחד,19,13,9,0.7,0,0,0,0,0,0,1,0,0,1,0,0,1,0,0,0,0,0,1
120,2,20,נובה,16,8,8,0.7,0,0,0,0,0,0,0,0,0,1,0,1,0,0,0,0,0,0,1
90,0,8,לב אחד,5,4,3,0.65,0,0,0,1,0,1,0,0,0,0,1,0,0,0,0,0,0,0,0
180,3,14,לתת,23,16,15,0.5,0,0,0,0,0,1,0,0,1,0,0,0,0,0,0,0,0,0,0
180,1,9,לב אחד,18,14,13,0.5,0,0,1,0,0,0,0,0,0,0,0,0,0,0,0,0,0,0,0
180,0,13,לתת,6,2,0,0.7,0,0,0,1,0,0,0,0,0,0,0,0,1,0,0,0,1,0,0
150,2,17,לתת,27,21,18,0.45,1,0,0,0,0,0,0,0,1,0,0,0,0,0,0,0,0,0,0
90,0,18,לתת,20,16,15,0.35,1,0,0,0,0,1,0,0,0,0,0,0,1,0,0,0,0,0,0
60,3,16,לתת,19,11,8,0.5,0,0,0,0,1,0,0,1,0,0,0,0,0,0,0,0,0,0,0
90,3,17,לב אחד,13,10,10,0.35,0,0,0,0,0,0,0,0,0,0,0,0,0,1,0,1,0,0,0
60,1,17,נובה,30,11,7,0.7,1,0,0,0,0,0,0,0,0,0,0,0,0,0,1,0,0,0,1
180,5,15,נובה,20,9,9,0.7,0,0,0,0,0,0,0,0,0,0,1,0,0,1,0,0,0,0,0
60,4,14,לתת,23,18,17,0.3,0,0,0,0,0,0,0,0,0,0,0,1,0,1,1,1,0,0,0
180,3,10,יד שרה,24,14,14,0.7,0,0,1,0,0,0,0,1,0,0,0,0,0,0,0,1,0,1,0
180,5,16,גדולים מהחיים,24,11,5,0.9,1,1,0,0,0,0,0,0,0,0,1,0,0,0,0,0,1,1,0
150,1,11,יד שרה,29,15,15,0.45,0,0,0,0,0,0,0,0,0,0,0,0,0,0,1,1,0,0,0
180,2,20,לב אחד,10,4,1,1.0,0,0,0,0,0,0,0,1,0,1,0,1,0,1,0,0,0,0,0
60,0,8,יד שרה,30,13,13,0.6,1,0,0,0,0,0,0,0,0,0,0,1,0,0,0,0,0,0,1
150,4,20,לתת,11,7,7,0.55,1,0,0,0,0,0,0,0,0,1,0,0,0,0,0,0,0,1,0
90,5,9,לתת,28,10,6,0.75,0,0,0,0,0,1,0,1,0,0,0,1,0,0,0,0,1,0,0
180,2,20,יד שרה,12,7,6,0.6,1,0,0,0,0,0,0,0,0,0,0,0,0,1,1,0,0,0,0
60,3,10,לב אחד,28,22,14,0.3,1,0,0,0,0,0,0,0,0,0,0,0,0,0,1,1,0,1,0
120,6,20,גדולים מהחיים,13,4,1,0.9,1,0,0,0,0,0,0,0,1,0,1,0,0,0,0,0,0,0,0
180,5,11,יד שרה,22,8,7,0.9,0,1,0,1,0,0,0,0,0,0,0,0,0,0,1,0,0,0,1
90,2,15,לב אחד,26,13,12,0.55,0,1,0,0,0,0,0,1,0,0,0,0,0,0,0,0,0,1,1
90,0,12,לתת,25,17,15,0.55,1,0,0,0,0,0,0,0,0,1,0,0,0,0,0,0,0,0,1
90,1,19,לב אחד,11,9,8,0.65,0,0,1,0,1,1,0,0,0,0,0,0,0,0,0,1,0,0,1
60,4,12,לתת,10,8,3,0.5,0,0,0,0,1,0,0,0,0,0,0,0,0,0,0,0,0,1,0
120,2,13,נובה,22,18,18,0.4,0,0,1,0,0,0,0,0,0,1,0,1,0,0,1,0,0,0,0
180,2,18,יד שרה,21,14,12,0.5,0,0,1,0,0,0,0,0,0,0,0,0,0,0,0,0,0,1,0
150,2,9,גדולים מהחיים,7,4,4,0.65,1,1,0,1,0,0,0,1,0,0,0,0,0,0,0,0,0,0,0
150,2,19,נובה,25,8,8,0.95,0,1,0,0,0,0,0,0,0,0,1,0,1,0,1,1,0,0,0
120,3,17,לב אחד,26,13,8,0.8,0,0,0,0,0,0,0,0,0,0,1,0,0,0,0,1,0,0,1
150,0,11,יד שרה,17,12,9,0.45,1,1,0,0,0,0,0,0,0,1,0,0,0,0,0,0,0,0,0
60,4,9,נובה,8,5,5,0.5,0,1,0,0,0,0,0,0,1,0,0,0,0,0,0,0,0,0,1
60,2,17,יד שרה,27,18,15,0.3,0,0,0,0,0,0,0,0,0,0,0,0,1,0,0,0,0,0,0
120,2,14,לב אחד,18,9,9,0.4,0,0,0,0,0,1,0,0,0,0,0,0,0,0,0,0,0,1,0
90,1,13,יד שרה,29,21,18,0.35,0,0,0,0,1,1,0,0,1,0,0,0,0,0,0,0,0,0,0
150,2,20,נובה,13,7,7,0.55,0,0,0,0,0,1,0,0,1,0,0,0,1,0,0,0,0,0,0
180,5,15,לב אחד,28,13,13,0.7,0,0,0,1,0,0,0,1,1,0,0,0,1,0,0,0,0,0,0
60,5,19,לב אחד,28,20,17,0.4,0,0,1,0,0,0,0,0,0,0,0,1,0,0,0,0,0,1,0
60,0,13,גדולים מהחיים,25,18,15,0.3,0,0,0,0,0,1,0,0,0,1,0,0,0,0,0,0,1,0,0
90,0,9,יד שרה,16,7,7,0.55,0,0,1,1,0,1,0,1,0,0,0,0,1,0,0,0,0,0,0
180,4,10,יד שרה,17,10,9,0.7,0,0,0,1,0,0,0,0,0,0,0,0,0,0,0,0,0,0,1
120,1,11,לב אחד,28,11,11,0.8,0,0,0,0,0,0,1,1,0,0,0,0,0,0,0,0,0,0,0
90,0,11,גדולים מהחיים,22,18,17,0.35,1,0,1,1,0,0,0,0,0,0,0,0,0,0,0,0,0,0,0
150,1,16,לתת,24,11,8,0.85,0,1,0,0,0,0,0,0,0,0,0,0,0,0,0,0,0,0,1
120,6,9,לתת,21,11,8,0.8,0,1,0,1,0,0,0,0,0,0,0,0,1,0,0,0,0,0,1
150,3,14,יד שרה,19,10,9,0.65,0,0,0,0,0,0,0,0,0,0,1,0,1,0,0,0,0,0,0
90,2,14,לב אחד,11,4,1,0.55,0,0,0,1,0,0,0,0,0,0,0,1,0,0,0,0,0,1,0
150,6,15,לב אחד,11,6,6,0.45,0,1,0,0,0,0,0,0,1,0,0,1,0,0,0,1,0,0,0
150,4,11,גדולים מהחיים,22,8,4,0.85,0,0,0,0,0,1,0,1,0,0,0,1,0,0,0,0,0,0,0
120,1,14,לב אחד,26,12,10,0.8,0,0,1,1,0,0,0,1,0,0,0,0,1,0,0,0,0,0,1
60,4,20,לתת,25,16,15,0.6,0,0,0,0,0,0,1,1,0,0,0,0,0,0,0,0,0,0,0
60,0,12,לתת,30,25,24,0.3,1,0,0,0,1,0,0,0,0,0,0,0,0,0,0,0,1,1,0
120,0,15,נובה,24,22,17,0.4,0,0,1,0,1,0,0,0,0,0,0,0,0,0,0,1,0,0,0
90,6,19,יד שרה,17,7,3,0.85,0,0,1,0,1,0,1,1,0,0,0,0,0,0,1,0,0,0,0
90,1,19,יד שרה,20,10,6,0.85,0,0,0,0,0,0,0,0,0,0,1,0,0,0,1,1,0,0,0
90,0,13,לתת,10,4,3,0.75,0,0,0,0,1,0,0,0,0,0,1,0,1,0,0,0,0,0,1
150,3,14,לתת,14,11,9,0.45,1,0,0,0,0,0,1,0,0,0,0,0,0,0,0,0,0,0,0
150,0,19,לתת,26,11,9,0.95,1,0,0,0,0,0,0,0,0,0,0,0,0,1,0,0,0,0,1
90,3,19,לתת,11,9,8,0.45,1,0,0,0,1,0,0,0,0,0,0,0,0,0,0,0,0,0,0
90,0,20,לתת,10,8,6,0.45,0,0,0,0,0,0,0,0,1,0,0,0,0,0,1,1,0,0,0
120,4,17,יד שרה,10,6,3,0.8,0,0,0,0,0,1,0,0,1,0,1,0,0,0,0,0,0,0,0
180,5,18,יד שרה,12,6,2,0.9,0,0,0,0,0,0,0,0,0,0,0,0,0,1,0,1,0,1,1
90,6,20,לתת,18,6,6,0.85,0,0,1,0,0,0,0,1,0,0,1,0,1,0,0,0,0,0,0
180,6,10,גדולים מהחיים,22,12,9,0.7,0,0,0,0,1,0,0,0,0,0,1,0,0,0,0,0,0,0,0
180,1,10,גדולים מהחיים,22,17,14,0.5,0,0,0,0,0,0,0,0,1,0,0,0,0,1,0,0,0,0,0
180,6,14,גדולים מהחיים,10,6,6,0.5,0,0,0,0,0,0,0,0,0,0,0,0,0,0,1,0,0,1,0
180,2,8,יד שרה,18,8,6,1.0,0,0,1,0,0,0,0,0,1,0,0,0,0,0,0,0,0,0,1
90,0,18,לב אחד,20,18,18,0.35,0,0,0,0,0,0,0,0,0,0,0,1,1,1,0,0,0,0,0
90,6,20,יד שרה,30,14,12,0.65,0,1,0,0,0,1,0,0,0,0,1,0,0,0,0,0,1,0,0
60,1,12,יד שרה,18,10,7,0.7,0,0,1,0,0,0,0,0,0,0,1,0,0,0,0,0,0,1,0
60,4,18,גדולים מהחיים,18,11,8,0.3,0,0,1,0,0,1,1,0,0,0,0,0,1,0,1,0,0,0,0
120,6,18,יד שרה,24,10,4,0.8,0,0,1,0,0,0,0,1,0,0,0,0,1,0,0,0,0,0,0
90,5,19,לתת,16,6,5,0.85,0,0,0,0,0,0,1,1,0,0,0,0,0,1,0,0,0,0,0
180,2,14,יד שרה,7,2,0,0.9,0,0,0,1,0,0,0,1,1,0,0,0,0,0,0,0,0,0,0
150,1,8,יד שרה,10,4,4,0.75,0,0,1,0,0,0,0,0,1,0,1,0,0,0,0,0,1,0,0
180,4,18,גדולים מהחיים,12,3,3,0.9,0,0,0,0,0,1,0,1,0,0,1,0,0,0,0,0,1,0,0
90,0,19,לתת,13,5,5,0.85,0,0,0,0,0,0,0,1,0,0,1,0,0,0,0,1,0,0,1
150,0,14,לב אחד,21,15,11,0.45,0,1,0,1,0,0,0,0,0,1,0,0,0,0,0,0,0,1,0
90,6,15,לתת,7,1,0,0.75,0,0,0,0,0,0,1,0,0,0,1,0,0,0,0,1,1,0,0
90,6,10,לתת,28,23,18,0.35,0,0,1,0,1,0,0,0,0,0,0,0,0,0,0,0,0,1,0
90,0,9,לב אחד,18,14,12,0.35,0,0,0,0,1,0,0,0,0,0,0,0,0,0,0,0,0,0,0
150,6,8,לב אחד,30,12,10,0.95,0,0,0,1,0,0,0,0,0,0,0,0,0,0,0,0,0,0,1
180,5,16,לתת,23,11,11,0.7,0,0,0,0,0,0,0,1,0,0,0,0,0,0,0,0,0,0,1
180,6,18,לתת,26,13,13,0.7,0,0,0,0,0,0,0,1,0,0,0,0,0,1,1,1,0,0,0
150,0,8,נובה,17,12,10,0.55,0,0,1,0,0,0,0,0,0,0,0,0,0,0,0,1,0,0,0
90,6,12,יד שרה,6,4,4,0.35,1,0,0,0,0,0,0,0,0,1,0,0,0,0,0,0,0,0,0
150,3,12,יד שרה,6,2,2,0.65,0,0,1,0,0,0,0,0,0,0,0,0,0,1,1,0,0,0,0
120,2,15,לתת,20,16,12,0.4,0,0,0,0,0,1,0,0,0,0,0,0,0,1,0,1,0,0,0
60,2,20,לתת,23,14,10,0.4,0,0,0,0,0,0,0,0,0,0,0,1,0,1,1,0,0,0,0
60,1,9,נובה,16,12,11,0.3,0,0,1,0,0,1,0,0,0,0,0,0,1,1,0,0,0,0,0
60,1,18,יד שרה,21,13,12,0.5,1,0,0,0,0,0,0,0,0,0,1,0,0,0,0,0,0,0,0
150,4,16,לתת,25,18,16,0.45,1,0,0,0,0,1,0,0,0,0,0,0,0,1,0,0,0,0,0
90,5,16,יד שרה,7,5,5,0.35,0,0,0,0,0,0,0,0,0,0,0,1,0,0,0,0,0,0,0
180,1,8,לב אחד,14,13,12,0.6,1,0,1,0,1,0,1,0,0,0,0,0,0,0,0,0,0,0,0
120,4,20,לתת,5,4,1,0.7,0,0,0,1,0,0,0,0,0,0,0,0,0,0,1,0,1,0,0
90,3,19,נובה,20,12,12,0.45,0,0,0,0,0,0,0,0,0,1,0,0,1,1,0,1,0,0,0
150,1,12,לתת,5,5,3,0.45,1,0,0,1,0,0,0,0,0,0,0,1,1,0,0,0,0,0,0
150,1,18,יד שרה,27,10,10,0.85,0,0,0,0,0,0,0,0,0,0,1,0,1,0,0,0,1,0,0
60,4,12,לתת,28,20,17,0.3,0,1,0,0,0,0,0,0,1,0,0,0,0,0,0,0,0,0,0
180,3,20,יד שרה,19,13,11,0.6,0,0,1,0,0,0,0,0,0,0,0,0,1,0,0,0,0,0,0
120,0,18,לתת,12,5,5,0.6,0,0,0,0,0,0,1,1,0,0,0,0,0,0,0,1,0,1,0
60,6,18,נובה,14,10,10,0.3,1,0,0,0,0,0,0,0,0,0,0,0,0,0,0,0,0,0,0
150,3,13,לתת,15,9,9,0.45,0,0,0,0,0,0,0,0,1,0,0,0,0,0,0,0,0,0,0
120,0,13,לתת,27,20,16,0.4,0,0,0,0,1,0,0,0,0,0,0,1,0,0,0,1,0,0,0
90,3,17,נובה,14,7,5,0.75,0,0,0,0,0,0,0,0,0,0,1,0,0,0,1,0,0,1,0
90,3,18,לב אחד,22,18,17,0.35,1,0,0,1,0,0,0,0,0,0,0,0,1,0,0,0,0,0,0
150,3,19,לב אחד,7,1,0,0.95,0,0,0,0,0,1,0,0,0,0,1,0,0,0,0,0,0,0,0
90,3,14,לתת,20,19,18,0.35,1,0,0,0,1,0,0,0,0,0,0,0,0,0,0,0,1,0,0
90,6,18,גדולים מהחיים,21,17,15,0.35,1,0,0,1,0,0,0,0,0,0,0,0,0,0,0,0,0,0,0
90,5,9,גדולים מהחיים,21,10,7,0.75,1,0,0,0,1,0,0,1,0,0,0,0,0,0,0,0,1,0,0
180,1,20,יד שרה,29,16,16,0.8,0,0,1,1,0,0,0,0,0,1,1,0,0,0,0,1,0,0,0
90,6,10,גדולים מהחיים,16,8,6,0.75,0,0,1,0,1,0,0,1,0,0,0,0,0,1,0,0,0,0,0
150,6,12,לב אחד,9,2,2,0.65,0,1,0,0,0,0,0,0,0,0,0,0,1,0,0,0,1,0,0
150,5,9,לתת,11,7,3,0.85,0,0,0,0,1,0,0,1,1,0,0,0,0,0,0,0,0,1,0
180,3,12,גדולים מהחיים,6,3,1,0.7,0,0,1,0,0,0,0,0,0,1,0,0,0,0,0,0,0,0,0
60,1,12,יד שרה,16,10,8,0.3,1,0,0,0,0,0,0,0,0,1,0,0,0,0,0,0,0,0,0
180,2,19,יד שרה,16,11,10,0.6,1,0,0,0,0,0,0,0,0,0,0,0,0,0,0,1,0,0,0
180,4,16,נובה,11,9,6,0.5,0,0,0,0,0,0,1,0,0,0,0,0,1,0,1,1,0,0,0
60,0,13,גדולים מהחיים,18,14,14,0.3,1,0,0,0,1,0,0,0,0,0,0,0,0,0,0,0,0,0,0
180,5,19,לתת,25,12,8,1.0,0,0,0,0,0,0,0,0,0,0,1,0,0,0,1,0,0,0,0
90,5,13,יד שרה,15,6,4,0.75,0,0,0,0,0,0,0,0,0,0,1,0,0,0,0,0,0,1,0
90,2,15,גדולים מהחיים,17,13,11,0.35,0,0,0,0,0,0,0,0,1,1,0,0,0,0,0,0,0,0,0
150,0,13,יד שרה,12,3,0,0.85,0,0,0,1,0,0,0,0,0,1,0,1,0,0,0,0,0,0,1
90,6,8,נובה,14,12,10,0.45,0,0,0,0,0,0,0,0,0,1,0,0,1,0,0,0,0,1,0
150,5,8,יד שרה,10,6,4,0.55,1,0,0,0,0,1,0,0,0,1,0,0,0,0,0,1,0,0,0
180,1,19,לתת,30,18,18,0.8,0,0,1,0,0,0,0,0,0,0,1,0,0,0,0,0,0,0,0
90,1,13,יד שרה,11,7,5,0.35,0,0,0,0,0,1,0,0,0,1,0,0,0,0,0,0,0,0,0
90,0,20,נובה,12,7,5,0.45,0,0,0,0,0,0,0,0,0,1,0,0,1,0,0,1,0,0,0
60,5,19,יד שרה,7,5,5,0.6,0,0,0,0,0,0,0,0,0,1,0,1,0,0,0,0,0,0,1
120,0,14,לתת,25,15,14,0.6,0,0,0,0,0,0,0,1,0,0,1,0,0,1,0,1,0,0,0
180,6,16,לב אחד,14,8,8,0.7,0,0,0,0,1,0,0,0,0,0,1,1,0,0,1,1,0,0,0
60,1,9,גדולים מהחיים,29,13,9,0.7,0,0,1,0,0,1,0,0,0,1,1,0,0,0,0,1,0,0,0
120,3,20,לתת,27,25,25,0.5,1,0,1,0,0,0,0,0,0,0,0,0,0,0,0,0,0,1,0
120,5,13,לתת,11,6,5,0.4,1,0,0,0,1,0,0,0,0,0,0,0,1,0,0,1,0,1,0
150,6,17,לתת,25,12,12,0.65,0,0,0,1,0,0,0,0,1,0,0,0,0,0,0,0,0,0,1
180,6,15,גדולים מהחיים,9,9,8,0.5,0,0,1,0,0,1,1,0,0,0,0,0,0,0,0,0,1,0,0
150,0,18,יד שרה,16,9,8,0.45,0,0,0,0,0,0,0,0,0,1,0,0,0,0,0,0,0,1,0
120,6,11,לב אחד,11,0,0,0.8,0,0,0,0,0,0,0,0,0,0,1,0,0,0,0,0,1,0,1
90,3,15,גדולים מהחיים,28,12,12,0.55,0,0,0,0,0,0,0,0,0,0,1,0,0,1,0,0,1,0,0
90,3,16,נובה,26,16,11,0.35,0,0,1,0,0,1,0,0,0,0,0,0,0,0,0,0,0,0,0
60,2,16,לתת,16,5,5,0.7,0,0,0,0,0,1,0,0,0,0,0,0,1,1,0,0,0,0,1
150,4,11,לב אחד,10,8,6,0.45,0,0,0,0,1,0,0,0,0,0,0,1,1,0,0,0,0,0,0
180,6,16,גדולים מהחיים,22,9,5,0.9,0,0,1,0,1,0,0,0,0,0,1,0,1,0,0,0,0,0,0
150,4,19,לב אחד,11,8,8,0.55,0,0,1,0,1,0,0,0,0,0,0,0,0,0,0,0,0,0,0
150,1,11,גדולים מהחיים,15,5,5,0.85,0,0,0,0,0,0,0,0,1,0,1,0,0,0,0,0,0,0,0
150,4,14,לב אחד,19,13,12,0.45,0,0,0,0,0,0,0,0,1,0,0,0,0,1,0,1,1,0,0
90,4,8,גדולים מהחיים,8,7,7,0.45,1,1,0,0,1,0,0,0,1,1,0,0,0,0,0,0,0,0,0
120,4,20,גדולים מהחיים,23,14,12,0.5,0,0,1,0,0,0,0,0,0,0,0,0,1,0,0,0,0,0,0
60,4,8,גדולים מהחיים,6,4,4,0.4,1,0,0,0,1,0,1,0,0,0,0,0,0,0,0,1,0,0,0
90,5,17,יד שרה,18,10,8,0.35,0,0,1,0,0,0,0,0,0,1,0,0,0,0,1,0,1,0,0
60,2,12,יד שרה,25,21,21,0.3,1,0,0,0,1,0,0,0,0,0,0,0,0,0,0,0,0,0,0
120,6,14,לתת,10,8,7,0.4,0,0,0,0,0,0,1,0,1,0,0,1,0,0,0,0,0,1,0
180,6,11,גדולים מהחיים,23,17,15,0.5,1,1,0,1,0,0,1,0,0,0,0,0,0,0,0,0,0,0,0
60,5,17,יד שרה,7,4,2,0.7,0,0,0,0,0,0,0,0,0,0,1,1,0,0,0,0,0,1,0
60,1,15,לתת,16,10,10,0.5,0,1,1,1,0,0,0,1,0,0,0,1,0,0,0,0,0,0,0
180,6,17,לתת,6,4,3,0.7,0,0,0,1,1,0,0,0,0,0,0,0,0,0,0,1,0,0,1
60,4,10,יד שרה,19,17,11,0.3,1,0,0,0,0,0,0,0,0,0,0,1,0,0,0,0,0,0,0
150,1,12,יד שרה,21,16,14,0.45,0,0,0,1,1,0,0,0,1,0,0,0,0,1,0,0,0,0,0
180,3,11,לתת,9,4,4,0.7,0,0,0,0,1,1,0,0,0,0,1,0,1,0,0,0,0,0,0
120,5,16,גדולים מהחיים,14,9,3,0.8,1,0,0,0,0,0,0,0,0,0,0,0,0,0,0,0,0,1,1
90,1,10,נובה,13,7,4,0.75,0,0,0,0,0,0,1,0,0,0,0,0,0,0,0,0,0,0,1
180,3,14,נובה,5,5,5,0.5,0,0,0,1,0,1,0,0,0,0,0,0,0,0,0,0,0,1,0
120,3,13,לב אחד,17,12,9,0.4,1,0,0,1,0,1,0,0,0,0,0,0,0,0,1,0,0,0,0
120,4,13,גדולים מהחיים,12,7,7,0.4,0,1,0,0,0,0,0,0,0,0,0,0,0,0,1,0,0,0,0
180,1,16,לתת,11,8,8,0.5,0,0,0,1,0,0,0,0,0,0,0,0,0,0,0,0,1,0,0
90,1,15,לב אחד,15,7,7,0.55,0,0,0,0,0,0,0,0,1,0,1,1,0,0,0,0,0,0,0
180,2,8,גדולים מהחיים,18,8,8,0.6,0,1,1,0,0,0,0,0,0,0,0,0,0,0,0,0,0,0,0
120,6,20,לב אחד,7,1,1,0.7,1,0,0,0,1,1,1,0,0,0,0,0,0,0,0,0,0,0,0
150,0,15,יד שרה,23,18,15,0.45,1,0,0,1,0,0,0,0,0,0,0,0,0,0,0,0,1,1,0
60,4,19,לב אחד,14,9,6,0.4,0,0,0,0,0,0,0,0,0,0,0,0,0,0,0,0,1,1,0
60,6,9,לתת,27,14,13,0.5,0,0,0,0,0,0,0,0,0,0,1,0,0,0,1,1,0,0,0
90,1,20,גדולים מהחיים,6,5,4,0.65,0,0,0,1,1,0,0,1,1,0,1,0,0,0,0,0,0,0,0
150,0,12,לב אחד,16,10,7,0.65,1,0,0,1,0,0,0,1,0,0,0,0,0,1,0,0,0,0,0
60,5,15,לתת,17,6,3,0.7,0,0,0,0,0,0,0,1,0,0,0,0,0,0,0,0,0,0,0
180,5,9,לב אחד,30,20,18,0.5,0,0,0,0,0,0,0,0,1,0,0,0,0,1,0,0,0,0,0
120,5,14,גדולים מהחיים,9,1,0,0.8,0,0,0,0,1,0,1,1,0,0,0,0,0,0,0,0,0,1,0
150,6,10,לב אחד,25,19,16,0.45,1,0,0,1,0,0,0,0,0,0,0,0,1,0,0,0,0,0,0
90,1,18,יד שרה,16,8,8,0.35,0,0,0,1,0,1,0,0,0,0,0,0,0,0,0,1,0,0,0
150,0,8,לתת,10,5,5,0.55,0,0,1,0,0,1,1,0,0,0,0,0,0,1,1,0,0,0,0
180,3,11,יד שרה,12,7,7,0.5,0,1,1,0,0,0,0,0,1,0,0,0,0,0,0,0,0,0,0
90,5,16,לתת,16,6,6,0.75,0,0,0,0,0,0,0,0,0,1,1,0,0,0,0,0,1,0,0
90,0,19,לתת,10,4,4,0.65,0,0,0,0,1,0,1,0,0,0,1,0,0,0,1,0,0,0,0
150,1,9,לב אחד,18,16,14,0.45,0,0,1,0,0,0,1,0,0,1,0,0,0,0,0,0,0,1,0
60,3,20,יד שרה,9,4,3,0.8,0,1,0,0,0,0,0,1,1,0,0,0,0,0,0,0,0,0,0
150,5,20,יד שרה,30,28,23,0.55,0,0,0,0,0,0,1,0,1,0,0,0,0,0,0,0,1,0,0
150,0,13,לב אחד,6,0,0,0.65,0,0,0,0,0,1,0,0,0,0,0,0,0,0,0,0,1,0,0
90,0,9,יד שרה,27,22,19,0.35,0,0,0,0,0,0,0,0,0,0,0,0,0,0,1,1,0,0,0
180,2,9,לב אחד,30,16,14,0.7,0,0,0,0,0,0,0,0,0,0,1,0,0,0,1,0,0,0,0
180,1,15,לב אחד,15,5,5,0.9,0,0,1,1,0,0,0,1,0,0,0,0,0,0,0,0,0,0,0
60,6,16,לב אחד,23,10,7,0.5,0,0,0,0,0,0,0,0,0,0,0,0,0,0,0,0,1,0,0
90,2,8,לתת,5,2,2,0.45,0,0,0,0,1,0,1,0,0,0,0,0,0,1,0,0,0,0,0
120,4,15,לב אחד,25,15,15,0.4,0,0,0,0,0,0,0,0,0,0,0,1,1,1,0,0,0,1,0
90,6,11,לתת,9,8,8,0.35,0,0,0,0,0,0,0,0,0,0,0,0,0,1,1,0,0,0,0
120,3,19,יד שרה,29,11,7,0.9,0,0,0,0,0,0,1,1,0,1,0,0,0,0,0,0,0,0,0
150,6,16,לב אחד,7,5,4,0.45,0,0,0,0,0,0,0,0,0,0,0,1,0,1,0,0,1,0,0
150,3,17,לב אחד,30,13,11,0.85,0,0,0,0,0,0,0,0,1,0,1,0,0,0,0,0,0,0,0
150,2,8,לתת,6,1,0,0.75,0,1,0,0,0,1,0,0,0,0,0,0,0,0,0,0,0,0,0
120,4,19,לתת,18,7,5,0.9,0,0,0,0,0,0,1,1,0,0,0,1,0,0,0,0,0,0,0
60,3,16,גדולים מהחיים,11,5,2,0.5,0,0,0,0,0,0,1,0,0,0,0,0,1,0,1,0,0,0,0
180,2,20,יד שרה,24,18,17,0.6,0,0,0,1,0,1,0,0,0,0,0,0,0,0,1,0,0,0,0
90,5,19,לב אחד,12,8,5,0.45,0,0,0,0,0,1,1,0,0,0,0,0,0,0,0,0,1,0,0
150,5,9,גדולים מהחיים,18,12,12,0.45,0,0,0,0,0,0,0,0,1,1,0,0,0,0,0,0,0,0,0
180,4,13,נובה,20,15,14,0.5,0,0,0,0,0,0,0,0,0,0,0,0,0,1,0,1,0,0,0
90,6,9,יד שרה,24,15,12,0.55,0,0,0,0,0,0,0,0,0,0,0,0,0,0,1,1,0,0,1
180,1,12,יד שרה,6,0,0,0.7,0,0,0,0,0,1,0,0,0,0,0,1,0,1,0,1,0,0,0
90,3,15,יד שרה,26,13,12,0.55,0,0,0,0,0,0,0,1,0,0,0,0,1,0,0,0,1,0,0
60,1,12,גדולים מהחיים,22,7,3,0.7,0,0,0,0,0,0,1,0,0,0,1,0,0,0,0,0,0,0,0
180,4,16,יד שרה,5,2,1,0.9,0,0,0,0,0,1,0,0,0,0,1,0,0,0,1,0,0,0,1
150,0,11,נובה,5,5,3,0.45,0,0,0,0,0,0,1,0,0,0,0,0,1,0,0,0,0,1,0
60,0,20,לתת,16,12,11,0.4,0,0,1,0,0,1,0,0,0,1,0,0,1,0,0,0,0,0,0
150,0,19,לתת,29,24,22,0.55,0,1,0,0,0,0,1,0,0,1,0,0,0,0,0,0,0,0,0
180,4,10,לב אחד,8,6,5,0.5,0,0,0,1,0,1,0,0,0,0,0,0,0,0,1,1,0,0,0
180,1,11,יד שרה,16,9,8,0.5,1,0,0,0,0,0,0,0,0,1,0,0,0,0,0,0,0,0,0
60,6,16,נובה,7,0,0,0.7,0,0,0,0,0,0,0,0,0,0,1,0,0,0,0,0,0,0,0
180,0,8,לתת,28,13,13,0.8,0,0,0,0,0,1,0,1,0,0,0,0,1,0,0,0,0,0,0
60,3,13,לב אחד,9,3,3,0.7,0,0,0,0,0,1,0,1,0,0,0,0,0,0,0,0,0,0,0
150,1,19,יד שרה,17,12,11,0.75,0,0,0,0,0,0,0,1,0,0,0,0,0,0,0,0,0,1,1
180,2,13,לתת,27,19,15,0.5,0,0,0,1,0,0,0,0,0,0,0,0,1,0,1,0,0,0,0
90,1,12,יד שרה,18,9,8,0.35,0,0,0,0,0,0,0,0,0,0,0,0,0,0,1,0,0,1,0
180,0,20,לתת,27,13,8,1.0,0,1,0,0,0,0,0,0,0,0,0,1,0,0,0,0,0,0,1
150,4,13,יד שרה,22,12,10,0.65,0,0,0,0,0,0,0,0,0,0,0,0,0,0,0,1,0,0,1
180,5,17,נובה,27,21,19,0.5,0,0,0,0,0,0,1,0,0,1,0,0,0,0,0,0,0,0,0
60,4,8,נובה,14,9,4,0.8,0,0,0,0,0,0,0,1,0,0,0,0,0,1,1,0,0,0,0
180,5,14,לתת,26,15,12,0.5,0,1,0,0,1,0,0,0,0,1,0,0,0,0,1,0,0,0,0
150,2,15,יד שרה,7,2,1,0.65,0,1,0,0,0,0,0,0,0,0,0,1,0,0,0,0,0,0,0
60,3,19,גדולים מהחיים,12,8,5,0.4,0,1,1,0,0,0,0,0,0,0,0,0,0,1,0,0,0,1,0
120,0,12,יד שרה,9,6,5,0.6,0,0,0,1,0,0,1,1,0,0,0,0,0,0,0,0,0,1,1
90,0,13,נובה,25,20,15,0.35,0,0,0,0,0,0,0,0,1,0,0,1,1,0,0,0,0,1,0
150,1,9,יד שרה,12,8,6,0.45,0,0,0,0,0,0,1,0,1,0,0,0,0,0,0,0,0,0,0
150,4,12,יד שרה,10,7,5,0.45,0,0,1,0,0,0,0,0,0,0,0,0,0,1,0,1,0,0,0
60,0,19,לתת,23,19,18,0.4,0,0,1,0,0,1,0,0,0,0,0,1,0,0,0,0,0,0,0
90,6,17,יד שרה,23,17,15,0.35,0,1,0,0,0,1,0,0,1,0,0,0,0,0,1,0,0,0,0
90,1,11,נובה,10,7,0,0.55,0,0,0,1,0,0,0,0,0,0,0,1,0,1,0,0,0,0,0
180,0,13,יד שרה,30,23,22,0.5,0,1,0,0,0,0,0,0,0,0,0,1,0,0,1,0,1,0,0
120,2,19,לתת,30,16,14,0.7,0,1,0,0,0,0,0,0,0,0,1,0,0,1,1,0,0,0,1
60,5,13,נובה,9,2,2,0.7,0,0,0,0,1,0,0,1,0,0,0,0,0,0,0,1,0,0,1
60,2,10,גדולים מהחיים,15,6,4,0.7,1,0,0,1,0,1,0,1,0,0,0,0,0,0,0,0,0,0,0
180,1,12,יד שרה,8,6,1,0.7,0,0,1,0,0,0,0,0,0,0,0,0,0,0,0,0,0,0,0
120,5,16,לב אחד,25,10,6,0.8,0,0,0,1,0,0,0,0,0,0,1,0,0,0,0,0,0,1,0
120,4,13,לתת,5,5,3,0.4,0,0,0,1,0,0,0,0,0,0,0,0,0,0,0,0,1,0,0
180,4,11,יד שרה,7,5,5,0.5,1,0,0,1,0,0,0,0,0,0,0,0,0,0,0,0,0,0,0
150,5,16,גדולים מהחיים,7,3,3,0.45,0,0,0,0,1,0,0,0,1,0,0,0,0,0,0,0,0,0,0
90,5,12,גדולים מהחיים,7,4,2,0.75,0,0,0,0,0,1,0,0,0,0,0,0,1,0,0,0,0,1,1
150,3,9,גדולים מהחיים,7,0,0,0.85,0,0,0,0,0,0,1,1,0,0,0,0,0,0,0,0,0,0,0
60,4,11,לתת,30,22,18,0.3,0,0,0,0,0,0,0,0,0,0,0,0,0,0,0,0,1,0,0
60,6,19,נובה,11,11,8,0.4,0,0,1,0,1,0,0,0,0,0,0,0,0,0,0,0,0,0,0
90,4,8,יד שרה,22,11,10,0.65,0,0,0,0,0,1,0,1,0,0,0,0,0,0,0,1,0,1,0
120,0,12,לתת,25,12,8,0.8,0,0,0,0,0,0,0,0,1,0,1,0,1,0,0,0,0,0,1
150,3,20,יד שרה,25,16,13,0.55,0,0,0,0,0,0,0,0,0,0,0,0,1,0,0,0,1,0,0
180,2,12,יד שרה,17,8,6,0.7,0,0,0,0,0,0,0,0,1,1,0,0,0,0,0,0,0,0,0
90,2,13,נובה,13,8,6,0.35,0,0,0,1,1,0,0,0,0,0,0,0,0,0,0,1,0,0,0
180,0,8,יד שרה,23,19,19,0.6,1,0,0,0,0,1,0,0,0,0,0,0,0,0,0,0,0,0,0
180,5,17,נובה,26,15,9,0.7,0,1,0,0,0,0,0,0,0,0,0,0,1,1,0,0,0,0,0
150,5,18,לב אחד,20,15,13,0.45,0,1,0,0,0,0,0,0,0,1,0,1,0,0,0,0,0,0,0
150,0,13,לב אחד,30,17,17,0.45,0,0,1,0,0,1,0,0,0,0,0,0,0,0,0,0,1,0,0
150,2,16,לב אחד,23,10,10,0.65,0,0,0,0,0,0,0,0,0,1,1,0,0,0,0,0,0,0,0
150,1,15,גדולים מהחיים,15,8,6,0.65,0,0,0,0,0,0,0,0,1,0,1,0,0,1,0,0,0,0,1
120,4,10,לתת,18,9,8,0.6,0,1,0,0,0,0,0,0,0,0,1,0,1,0,0,0,0,0,0
120,4,12,נובה,18,9,8,0.6,0,0,0,0,1,1,0,0,0,0,1,0,0,0,0,0,0,0,0
60,3,12,נובה,11,8,6,0.3,0,1,0,1,0,0,0,0,0,1,0,0,1,0,0,0,0,0,0
150,2,20,לב אחד,8,4,4,0.75,0,0,0,0,0,0,0,1,0,0,0,0,0,0,1,0,0,0,0
120,1,18,יד שרה,29,23,22,0.4,0,0,0,1,1,0,0,0,0,1,0,0,0,0,0,0,0,0,0
90,5,12,גדולים מהחיים,23,18,17,0.35,0,0,0,1,0,0,1,0,0,0,0,0,0,0,0,0,0,0,0
60,3,19,לב אחד,18,8,5,0.8,0,0,0,1,0,0,0,0,0,0,1,0,0,1,0,0,0,0,1
150,0,10,נובה,24,13,13,0.65,0,0,1,0,0,0,0,1,0,0,0,0,0,0,0,0,1,0,0
150,1,15,לתת,26,15,15,0.65,0,0,0,0,0,0,0,0,0,0,1,0,1,0,0,0,0,0,0
150,6,8,לב אחד,11,10,10,0.55,1,1,0,0,0,0,0,0,0,0,0,0,0,0,0,0,0,0,0
90,2,11,יד שרה,10,4,4,0.55,0,0,1,1,0,0,0,0,0,0,0,0,0,0,0,0,0,0,1
150,4,14,יד שרה,5,5,5,0.45,0,0,0,0,0,1,0,0,0,0,0,0,0,1,0,0,0,1,0
60,3,15,לתת,30,15,15,0.5,0,1,0,0,0,0,0,0,0,0,1,0,0,0,0,0,1,0,1
90,2,15,לתת,20,14,11,0.35,0,0,0,0,0,1,0,0,0,0,0,0,0,0,1,0,0,0,0
60,6,12,גדולים מהחיים,17,9,9,0.5,0,0,0,0,1,0,0,0,0,0,0,0,0,0,0,0,1,1,1
180,2,15,יד שרה,23,12,10,0.7,1,0,0,0,1,0,0,1,0,0,0,0,0,1,0,0,0,0,0
60,5,17,גדולים מהחיים,29,16,13,0.3,0,0,0,0,0,0,0,0,0,0,0,0,0,0,1,0,0,1,0
180,6,20,יד שרה,23,13,11,0.6,0,0,0,0,0,1,0,0,1,1,0,0,0,0,1,0,0,1,0
150,3,17,יד שרה,28,16,13,0.65,0,0,0,0,0,0,0,0,0,0,0,1,0,0,1,0,0,0,1
120,2,20,לב אחד,6,3,0,0.7,0,0,0,0,0,0,1,0,1,0,0,1,1,0,0,1,0,0,0
90,2,20,לב אחד,14,11,10,0.45,1,0,0,0,0,0,1,0,1,0,0,1,0,0,1,0,0,0,0
90,3,17,נובה,24,15,10,0.55,1,0,0,0,0,0,0,0,0,0,1,0,0,0,1,0,0,0,0
180,5,19,לתת,20,14,9,0.6,0,0,0,0,1,1,0,0,0,0,0,0,0,0,0,0,0,0,0
180,4,11,נובה,26,19,17,0.5,1,0,1,0,0,0,0,0,1,0,0,0,0,0,0,0,0,0,0
150,3,10,נובה,5,2,1,0.85,0,1,0,0,0,0,0,0,0,0,0,0,0,0,0,0,0,0,1
120,1,15,נובה,15,11,9,0.4,0,0,0,0,0,0,0,0,0,0,0,1,0,0,1,1,1,0,0
180,6,20,לתת,9,8,4,0.6,0,1,0,0,0,0,0,0,0,0,0,0,0,0,0,1,0,0,0
90,4,16,לב אחד,9,3,0,0.75,0,0,0,1,0,0,0,1,0,0,0,0,0,0,0,0,0,0,0
150,3,9,יד שרה,23,12,12,0.45,0,1,0,0,0,0,0,0,0,0,0,0,0,0,1,0,1,0,0
120,0,10,לב אחד,11,8,8,0.4,1,0,1,0,0,0,0,0,0,0,0,1,0,0,0,0,0,0,0
180,0,14,יד שרה,18,4,4,0.9,0,1,0,1,0,0,0,1,0,0,0,0,0,0,0,0,0,1,0
90,4,11,לתת,5,0,0,0.55,0,0,1,0,0,0,0,0,0,0,0,0,1,0,0,1,0,0,0
90,0,16,לב אחד,15,10,5,0.55,0,0,0,1,0,1,0,0,1,0,0,0,0,0,0,1,0,0,0
150,6,12,לתת,23,14,11,0.45,0,0,0,0,0,0,0,0,0,0,0,1,0,1,1,0,0,0,0
150,5,13,לב אחד,9,6,3,0.65,1,0,0,0,0,0,1,0,0,0,0,0,0,0,0,1,0,0,0
180,5,16,גדולים מהחיים,27,16,14,0.5,0,0,0,0,0,0,0,0,0,1,0,1,0,0,0,0,0,0,0
60,3,12,לתת,24,15,10,0.3,0,0,0,0,0,0,0,0,0,0,0,0,1,0,0,0,0,1,0
60,3,8,נובה,13,5,5,0.8,0,0,0,0,0,0,1,0,0,0,1,0,0,0,1,1,0,0,0
180,2,19,יד שרה,16,9,8,0.8,0,0,0,0,1,0,0,1,0,0,1,0,0,0,0,0,1,0,0
90,4,10,לתת,24,12,12,0.55,1,0,0,0,0,0,0,0,0,0,0,0,0,0,0,0,1,0,1
60,1,10,יד שרה,30,25,20,0.3,1,0,0,0,0,0,0,0,0,0,0,0,0,0,0,1,0,1,0
150,6,14,לתת,26,20,15,0.45,0,1,1,0,0,1,0,0,0,0,0,0,0,0,0,0,0,0,0
180,0,17,גדולים מהחיים,30,19,19,0.7,0,0,0,0,0,0,1,0,0,0,0,1,1,0,0,1,0,0,1
90,3,10,נובה,25,16,14,0.55,0,1,0,0,0,1,0,1,0,0,0,0,0,0,0,0,0,0,1
180,4,13,לתת,12,8,6,0.5,0,0,0,1,0,0,0,0,1,0,0,0,0,0,0,0,0,0,0
150,6,11,לתת,18,9,5,0.85,0,0,0,0,0,0,0,1,0,0,1,1,0,0,0,0,0,0,0
150,6,8,נובה,25,22,18,0.55,1,0,0,0,1,0,0,0,0,0,0,0,0,0,0,1,1,0,0
120,6,14,גדולים מהחיים,10,6,5,0.4,0,0,0,0,0,0,0,0,0,0,0,0,0,0,0,0,1,1,0
150,1,9,לתת,6,5,3,0.65,0,1,0,0,0,1,1,1,0,0,0,0,0,0,0,0,0,0,0
120,2,17,לב אחד,30,24,24,0.4,0,1,0,0,0,0,0,0,0,0,0,0,0,1,0,0,0,0,0
120,6,16,יד שרה,10,5,5,0.4,0,0,0,0,0,1,0,0,0,1,0,0,0,0,0,0,0,0,0
90,1,19,יד שרה,15,6,6,0.65,1,0,0,1,0,0,0,0,0,0,0,0,0,1,0,1,0,0,1
120,2,11,נובה,30,24,20,0.4,0,0,0,0,0,0,1,0,0,1,0,1,0,0,1,0,0,1,0
90,0,20,לב אחד,10,6,3,0.65,0,0,0,0,1,0,0,0,0,0,0,0,0,0,0,0,0,0,0
120,6,10,לתת,17,8,6,0.8,0,0,1,0,0,0,1,1,0,0,0,0,0,0,0,0,0,0,0
90,6,15,גדולים מהחיים,25,12,11,0.55,0,0,0,0,0,0,0,0,0,0,0,0,0,1,0,0,0,0,1
60,2,13,לתת,21,9,6,0.7,0,0,0,0,0,0,0,1,0,0,0,1,0,0,0,0,0,0,0
180,1,11,לתת,7,4,1,0.9,0,0,0,0,0,0,0,0,0,0,1,0,0,0,1,0,0,0,0
150,0,16,גדולים מהחיים,11,10,8,0.65,0,0,0,1,0,0,1,1,0,0,0,1,0,0,0,0,1,0,0
180,0,8,יד שרה,9,3,3,1.0,0,0,0,0,0,0,0,0,1,0,1,0,0,0,0,0,0,0,0
180,3,15,גדולים מהחיים,30,11,5,0.9,0,0,0,0,0,0,1,0,0,1,0,0,1,0,0,0,0,0,1
90,3,16,לב אחד,29,19,13,0.35,0,0,0,0,0,0,0,0,0,0,0,0,0,0,0,1,0,1,0
120,5,19,נובה,24,16,13,0.5,0,0,0,0,0,1,1,0,1,0,0,0,0,0,0,0,0,0,0
60,0,11,לתת,18,16,11,0.3,0,0,0,0,0,0,0,0,0,0,0,0,0,1,0,0,0,0,0
90,0,10,גדולים מהחיים,10,6,4,0.55,0,0,0,0,0,0,0,0,1,0,0,0,0,0,0,0,0,1,1
60,2,20,לב אחד,15,9,8,0.4,0,0,0,0,0,1,0,0,0,0,0,0,1,0,0,0,0,0,0
120,1,9,לתת,22,11,6,0.8,0,0,0,1,0,0,0,0,0,0,1,0,0,1,0,0,0,0,0
120,5,19,גדולים מהחיים,27,21,20,0.5,1,1,0,0,0,0,0,0,0,0,0,0,0,0,0,1,0,0,0
120,4,15,גדולים מהחיים,14,9,8,0.4,0,0,1,0,0,0,0,0,1,0,0,0,1,1,0,0,0,1,0
120,2,10,גדולים מהחיים,5,5,5,0.4,0,0,0,1,0,0,0,0,1,0,0,1,0,0,0,1,1,0,0
90,4,14,נובה,25,19,16,0.35,0,0,0,0,0,1,1,0,0,0,0,0,0,0,0,0,0,0,0
120,0,11,לתת,28,11,8,0.8,0,0,0,0,0,0,0,1,0,0,0,0,1,1,0,0,0,0,0
180,2,15,לב אחד,14,11,10,0.5,0,0,1,0,0,0,1,0,0,0,0,0,0,0,0,0,0,0,0
150,1,12,יד שרה,16,10,9,0.65,0,0,1,1,0,0,0,0,0,0,1,0,0,0,0,0,0,1,0
180,1,8,לתת,28,15,11,1.0,0,0,0,0,1,0,0,1,0,0,0,0,0,0,0,0,1,0,0
150,1,20,גדולים מהחיים,26,14,13,0.75,0,0,0,0,0,0,0,0,1,0,1,0,0,0,0,0,0,0,0
180,2,16,נובה,25,12,9,0.9,0,0,0,0,0,0,0,1,0,0,0,0,0,1,0,0,1,0,1
150,0,17,לב אחד,17,13,13,0.45,0,0,0,0,0,0,1,0,0,0,0,0,0,0,0,0,1,0,0
180,6,13,לתת,17,11,3,0.7,0,0,0,1,0,0,0,0,0,0,0,0,0,0,0,0,1,0,0
120,2,17,לתת,19,12,10,0.6,0,0,0,0,0,0,0,1,0,0,1,0,0,0,0,0,0,0,0
120,1,9,לב אחד,14,4,1,0.8,1,0,0,0,0,0,0,1,0,1,0,1,0,0,0,0,0,0,0
60,4,12,גדולים מהחיים,6,3,3,0.3,0,0,0,0,0,1,0,0,0,0,0,0,0,1,0,0,0,0,0
90,2,14,נובה,23,10,9,0.75,1,0,0,0,1,0,0,1,0,0,0,1,0,0,1,0,0,0,0
180,6,20,גדולים מהחיים,21,11,9,0.8,0,0,0,0,0,0,0,0,1,0,1,0,0,0,0,0,0,0,1
150,6,9,יד שרה,5,1,0,0.65,0,0,0,0,0,0,0,0,0,0,0,0,0,0,0,0,1,0,0
120,5,20,יד שרה,8,8,8,0.5,0,0,0,0,1,0,0,0,1,0,0,0,0,0,0,0,0,1,0
180,5,14,נובה,30,25,22,0.5,1,0,0,0,0,1,0,0,0,0,0,0,0,0,0,1,0,1,0
90,0,9,יד שרה,26,14,14,0.35,0,1,1,0,0,0,0,0,0,0,0,0,0,0,0,0,0,1,0
60,3,13,לב אחד,18,12,9,0.3,1,0,0,0,0,0,0,0,1,0,0,0,1,0,0,1,0,0,0
120,0,10,נובה,11,7,5,0.4,0,0,0,0,0,0,0,0,0,0,0,0,0,1,0,0,0,0,0
60,5,11,לב אחד,22,9,8,0.7,0,0,1,0,0,0,0,1,0,0,1,0,1,0,0,0,0,0,0
150,2,11,גדולים מהחיים,26,12,9,0.85,0,0,0,0,0,0,0,1,0,1,0,0,0,0,0,0,0,0,0
150,2,16,לתת,15,11,8,0.45,0,1,1,0,0,0,0,0,0,1,0,0,0,0,0,0,0,1,0
60,6,15,גדולים מהחיים,20,15,15,0.3,1,0,0,0,0,0,1,0,0,0,0,0,0,0,1,1,0,0,0
60,6,15,גדולים מהחיים,12,10,7,0.3,0,0,0,0,0,0,0,0,0,0,0,0,1,0,0,1,0,0,0
150,2,9,לתת,20,12,12,0.65,0,0,0,0,0,0,0,0,0,0,1,0,0,0,0,0,0,0,1
90,4,13,יד שרה,28,12,12,0.55,0,0,0,0,0,0,0,1,0,0,0,1,0,0,0,0,0,0,0
90,3,9,גדולים מהחיים,7,4,4,0.35,0,0,1,0,0,1,0,0,0,0,0,1,0,1,1,0,0,0,0
120,6,18,נובה,30,20,19,0.6,0,0,0,0,0,0,0,0,0,0,1,0,0,1,0,0,0,1,0
120,1,17,גדולים מהחיים,12,5,4,0.8,0,0,0,1,0,0,0,1,0,0,0,0,0,0,0,0,1,0,0
120,3,14,יד שרה,28,18,14,0.4,0,0,0,0,0,0,0,0,0,0,0,1,0,1,0,1,0,1,0
180,1,20,גדולים מהחיים,13,7,4,1.0,1,0,1,1,0,1,0,0,0,0,0,0,0,0,0,0,0,0,1
150,6,20,נובה,18,5,5,0.95,1,0,0,0,0,0,0,1,0,0,0,1,0,0,0,0,0,0,0
120,1,14,לתת,30,14,12,0.6,0,0,0,0,0,0,0,0,0,0,1,0,1,0,0,1,0,0,0
60,4,20,גדולים מהחיים,7,1,0,0.8,0,0,0,0,0,1,0,0,0,0,0,0,0,1,0,0,0,0,1
180,2,10,לתת,11,9,4,0.7,1,0,1,0,0,0,0,0,0,0,0,0,1,0,0,1,0,0,0
180,1,20,יד שרה,24,19,17,0.6,0,0,0,0,1,1,1,0,0,0,0,0,1,0,0,0,0,0,0
150,0,14,נובה,23,19,19,0.45,1,0,1,0,0,0,0,0,0,0,0,0,0,0,0,0,0,0,0
150,3,8,גדולים מהחיים,6,4,0,0.75,0,0,0,1,0,1,0,0,0,0,0,1,0,0,0,0,0,0,0
150,2,15,גדולים מהחיים,17,15,15,0.45,1,0,0,0,0,0,0,0,0,0,0,1,0,0,0,0,0,1,0
60,3,18,יד שרה,9,4,1,0.7,0,0,0,1,1,0,0,1,0,0,0,0,1,0,0,0,1,0,0
90,2,16,לב אחד,8,5,3,0.55,0,0,1,0,1,0,0,0,0,0,0,0,0,0,0,0,0,0,0
150,0,12,גדולים מהחיים,21,11,11,0.65,0,1,1,0,1,1,0,1,0,0,0,0,0,0,0,0,0,0,0
60,3,16,לב אחד,10,7,7,0.3,0,0,0,0,0,1,0,0,0,0,0,0,0,0,0,0,0,0,0
90,5,14,יד שרה,19,14,11,0.35,1,0,0,0,0,0,0,0,0,0,0,0,0,0,0,0,0,0,0
90,1,19,לתת,10,3,3,0.85,0,0,1,0,0,0,0,1,0,0,1,0,1,0,0,0,1,0,0
60,1,14,נובה,28,14,8,0.7,0,1,0,0,0,1,0,0,0,0,0,0,0,0,0,0,0,1,1
90,1,19,לב אחד,6,3,0,0.65,0,0,0,0,0,0,0,0,1,0,0,0,0,0,0,1,0,0,0
180,4,16,לתת,19,10,7,0.9,0,0,1,0,0,0,0,0,0,0,0,0,0,0,0,0,0,1,1
180,4,18,לב אחד,13,8,8,0.5,0,0,0,1,0,0,0,0,0,1,0,0,1,0,0,0,0,0,0
150,0,9,לתת,23,15,11,0.45,0,0,0,0,0,0,0,0,0,0,0,0,0,0,0,1,0,0,0
150,0,11,לב אחד,20,16,14,0.45,0,1,0,1,1,0,0,0,0,1,0,0,0,0,0,0,0,0,0
150,1,12,נובה,5,1,0,0.85,0,0,0,0,0,0,0,1,0,0,0,0,0,1,0,0,1,0,0
90,3,10,לתת,13,7,4,0.75,0,0,0,1,0,0,0,0,0,0,1,0,1,1,0,0,0,0,0
180,6,8,לתת,20,17,17,0.6,0,0,0,0,1,0,0,0,1,0,0,0,0,1,0,0,0,0,0
150,6,8,גדולים מהחיים,13,11,11,0.55,0,1,1,0,0,1,1,0,0,0,0,0,0,0,0,0,0,0,0
60,5,16,יד שרה,20,10,9,0.5,0,0,0,0,0,0,0,0,0,0,0,0,0,0,0,0,0,0,1
150,2,9,נובה,13,11,9,0.45,0,0,0,0,0,0,0,0,0,0,0,0,0,0,0,1,1,0,0
120,2,14,גדולים מהחיים,13,11,10,0.4,1,0,0,0,1,0,0,0,0,0,0,0,0,0,0,0,0,0,0
90,4,20,לב אחד,21,7,5,0.85,0,0,0,0,0,0,0,0,0,0,1,0,0,0,1,0,0,0,1
120,0,20,לב אחד,17,8,8,0.7,0,0,0,1,0,0,0,0,0,1,0,0,0,0,0,0,0,0,1
60,6,20,יד שרה,28,20,18,0.4,0,0,0,0,0,0,0,0,1,1,0,0,0,0,0,0,0,0,0
180,4,8,לב אחד,16,3,2,1.0,0,1,0,1,0,0,0,1,0,0,0,0,0,1,0,0,0,0,0
60,3,20,גדולים מהחיים,19,12,10,0.6,0,0,0,0,0,1,0,1,0,0,0,0,0,1,0,0,1,0,0
90,6,13,לתת,28,19,19,0.35,0,0,1,0,0,0,0,0,1,0,0,0,1,0,0,0,1,0,0
180,6,19,יד שרה,28,23,20,0.6,0,0,0,0,0,0,0,0,0,0,0,0,0,0,0,1,0,0,0
180,0,17,נובה,22,8,7,0.9,0,0,1,0,1,0,0,1,0,0,0,0,0,0,0,0,1,0,0
120,6,15,יד שרה,11,9,5,0.4,0,0,0,1,0,0,0,0,0,0,0,0,0,0,0,0,1,1,0
90,3,12,לב אחד,19,9,9,0.55,0,0,1,0,0,0,0,0,0,0,0,0,0,0,0,0,0,0,1
150,6,20,יד שרה,29,18,15,0.75,0,0,0,1,0,0,0,0,0,0,1,0,0,0,0,0,0,0,0
180,1,10,לתת,7,7,5,0.7,0,1,0,0,0,0,0,0,0,0,0,0,0,1,0,0,0,0,1
180,0,16,לתת,23,12,9,0.9,0,0,0,0,0,0,0,0,0,1,0,0,0,0,0,0,0,0,1
90,5,12,לתת,17,15,12,0.35,0,1,0,0,0,0,0,0,0,0,0,0,1,0,0,0,0,0,0
120,2,18,נובה,29,22,20,0.4,0,0,0,0,0,0,0,0,0,0,0,1,0,0,0,0,0,0,0
90,3,17,לב אחד,11,11,11,0.35,1,0,0,0,0,0,0,0,0,0,0,1,0,0,0,1,1,0,0
120,2,20,נובה,26,20,19,0.5,0,0,1,0,0,0,1,0,0,0,0,0,0,1,0,0,0,1,0
120,6,18,יד שרה,8,3,2,0.6,0,1,0,0,0,0,0,0,0,1,0,0,0,0,1,0,1,0,0
150,1,14,לתת,18,10,8,0.65,0,0,0,0,1,0,0,0,0,0,0,0,0,0,0,0,1,0,1
120,6,9,לתת,29,15,12,0.6,0,0,0,1,0,0,0,1,0,0,0,0,0,0,0,0,0,0,1
120,3,10,לתת,28,19,17,0.4,0,1,0,0,0,0,0,0,0,0,0,0,1,0,1,0,0,0,0
150,1,20,לתת,26,13,10,0.95,1,0,0,0,1,0,0,1,0,0,0,0,1,0,0,0,0,0,0
60,5,13,יד שרה,27,10,6,0.7,0,0,0,1,0,0,0,0,0,0,0,0,0,0,0,1,0,0,1
60,6,20,גדולים מהחיים,13,4,1,0.8,0,0,0,0,0,0,0,1,0,0,0,0,0,1,0,0,0,1,0
150,2,19,יד שרה,9,4,4,0.75,0,0,0,0,0,0,0,0,0,1,0,0,1,0,0,0,0,0,1
90,1,19,לתת,20,17,16,0.45,0,0,0,0,1,0,0,0,1,0,0,1,0,0,0,0,0,0,0
60,2,15,נובה,24,17,15,0.3,0,0,0,0,0,0,0,0,0,0,0,0,0,0,0,1,1,0,0
60,5,10,יד שרה,25,13,12,0.5,0,0,0,1,0,1,0,1,0,0,0,0,0,0,0,0,0,0,0
120,2,14,נובה,24,15,15,0.4,0,0,0,0,0,0,0,0,0,0,0,0,1,0,0,0,0,1,0
180,5,12,נובה,20,8,6,0.9,0,0,0,0,0,0,1,0,0,0,0,0,0,1,0,0,1,1,1
120,3,13,נובה,30,21,17,0.4,0,0,0,0,0,1,1,0,0,1,0,0,0,0,1,0,0,0,0
150,0,18,יד שרה,5,3,1,0.65,0,1,0,0,1,1,0,0,0,0,0,0,0,1,0,0,0,0,0
90,5,15,יד שרה,5,1,1,0.55,0,1,0,0,0,0,0,0,0,0,0,0,1,1,0,0,0,0,0
60,5,10,לב אחד,13,7,7,0.3,0,0,0,0,0,0,0,0,0,0,0,0,1,0,1,0,0,0,0
150,1,13,גדולים מהחיים,9,7,3,0.65,1,0,0,1,0,0,0,0,0,0,0,0,0,0,0,1,1,0,0
150,5,19,לתת,9,5,4,0.55,0,0,0,1,1,1,1,0,0,0,0,0,0,0,1,0,0,0,0
60,5,15,לב אחד,25,17,14,0.3,0,0,0,0,0,0,0,0,0,0,0,0,1,0,0,0,0,0,0
150,1,8,לתת,7,4,3,0.55,1,0,0,0,0,0,0,0,0,0,0,0,0,0,1,1,0,1,0
90,6,11,לתת,26,20,19,0.35,0,0,0,1,0,0,0,0,0,0,0,0,0,0,0,1,0,0,0
60,0,11,יד שרה,22,17,17,0.3,0,0,0,1,0,0,1,0,0,1,0,0,0,0,1,0,0,0,0
60,4,15,לב אחד,26,19,19,0.3,0,1,0,0,1,1,0,0,0,0,0,0,0,1,0,0,1,0,0
90,4,9,לתת,14,11,11,0.35,0,0,0,1,0,0,0,0,0,0,0,0,0,1,0,0,0,0,0
120,3,14,לתת,11,7,7,0.4,0,0,0,0,0,0,0,0,0,0,0,1,0,0,0,0,0,1,0
180,4,18,לב אחד,9,6,6,0.7,0,0,1,0,0,0,1,0,0,0,0,0,0,0,0,1,0,0,1
180,3,15,לתת,14,9,8,0.7,0,0,0,0,0,0,0,0,0,0,0,0,0,0,0,1,0,0,1
60,6,9,גדולים מהחיים,30,27,24,0.3,1,0,0,0,0,0,0,0,0,0,0,1,1,0,1,0,0,0,0
150,5,9,נובה,7,3,3,0.65,0,0,0,0,1,1,0,0,0,0,0,0,1,0,1,0,0,0,1
150,0,10,יד שרה,12,5,5,0.65,0,0,0,0,0,0,0,1,0,1,1,0,0,1,0,0,0,0,1
60,6,15,לתת,13,9,9,0.3,0,1,0,0,0,0,0,0,1,0,0,0,0,0,1,0,0,0,0
60,0,17,גדולים מהחיים,9,6,2,0.5,0,1,0,0,0,0,0,0,0,0,0,0,0,0,0,1,0,0,0
90,1,12,נובה,9,0,0,0.75,0,0,0,0,0,0,0,0,0,0,1,0,0,0,1,0,0,1,0
120,0,10,נובה,14,11,11,0.4,0,0,0,1,0,1,1,0,0,0,0,0,0,0,0,1,0,0,0
60,3,20,לתת,21,9,6,0.8,1,0,0,0,0,0,0,1,1,0,0,0,0,0,0,0,0,0,1
60,6,17,לב אחד,29,23,22,0.3,0,0,0,0,0,1,0,0,1,0,0,1,0,0,0,0,1,1,0
90,2,14,לתת,9,7,6,0.35,0,0,0,0,1,0,0,0,0,0,0,0,0,0,0,1,0,0,0
90,1,8,גדולים מהחיים,6,6,6,0.45,0,0,0,0,0,0,1,0,0,0,0,0,0,0,0,0,0,1,0
90,2,20,לב אחד,9,7,5,0.45,0,0,0,0,0,0,0,0,0,0,0,0,0,0,1,0,0,0,0
60,1,18,נובה,19,9,6,0.7,0,0,0,0,1,1,0,0,0,0,1,0,0,0,0,0,0,1,0
90,5,12,גדולים מהחיים,22,15,15,0.35,0,0,0,0,0,0,1,0,0,0,0,0,0,0,1,0,1,1,0
120,3,20,יד שרה,30,22,19,0.5,0,0,0,0,0,0,0,0,1,1,0,0,0,0,0,1,0,0,0
150,4,10,נובה,6,4,4,0.45,0,0,0,0,0,0,0,0,0,1,0,0,1,0,1,0,0,0,0
120,6,19,נובה,11,10,5,0.7,0,0,0,0,0,0,0,0,1,0,1,1,0,0,1,0,0,1,0
60,1,12,לב אחד,13,7,4,0.5,0,0,1,0,0,0,0,0,0,1,0,1,0,1,0,0,0,0,0
60,1,20,גדולים מהחיים,29,23,19,0.4,0,0,0,1,0,1,0,0,1,0,0,0,0,0,0,0,0,0,0
150,2,14,לתת,24,13,11,0.65,0,0,0,0,0,0,1,1,0,0,1,0,0,0,0,0,0,0,1
150,6,14,יד שרה,5,2,2,0.65,0,0,0,1,0,1,0,0,0,0,0,0,0,0,0,0,0,0,1
120,4,15,נובה,8,8,6,0.4,0,0,1,1,1,0,0,0,0,0,0,0,0,0,1,0,0,0,0
60,6,9,נובה,21,16,14,0.3,0,0,0,0,0,0,0,0,0,0,0,0,1,0,1,0,1,0,0
120,2,11,לב אחד,6,0,0,0.8,0,0,0,0,0,0,0,0,1,0,1,0,1,1,0,0,0,1,0
180,5,15,גדולים מהחיים,12,6,4,0.9,0,0,0,0,0,0,0,0,0,1,1,1,0,0,0,0,0,0,0
150,2,18,לב אחד,16,10,8,0.65,0,0,0,0,0,0,0,0,0,1,1,1,0,0,0,0,0,0,0
60,1,13,יד שרה,17,10,5,0.5,0,0,0,1,0,0,0,0,0,0,0,1,0,0,0,0,0,0,0
180,0,13,לתת,23,18,17,0.5,0,0,0,0,0,0,1,0,0,1,0,0,0,0,0,0,0,0,0
150,1,20,גדולים מהחיים,30,27,21,0.55,1,0,0,0,0,0,0,0,0,0,0,1,0,0,0,0,0,0,0
150,1,17,לב אחד,6,3,3,0.65,0,0,0,0,0,0,0,0,0,0,0,0,1,0,1,0,1,0,1
180,4,18,גדולים מהחיים,14,14,14,0.5,0,0,0,0,0,1,0,0,0,0,0,0,0,1,0,1,1,0,0
60,2,13,יד שרה,30,19,18,0.3,0,0,0,1,0,0,0,0,0,0,0,0,0,0,0,1,0,1,0
60,1,14,לתת,17,7,7,0.5,0,0,0,0,0,0,0,0,0,0,1,0,0,0,0,0,1,0,1
60,1,15,יד שרה,5,5,2,0.3,1,0,0,0,0,0,0,0,0,0,0,0,0,1,0,0,0,1,0
150,3,19,נובה,20,12,12,0.75,1,0,0,0,0,0,0,0,0,0,1,0,0,0,0,0,0,0,0
180,0,16,נובה,30,12,11,0.9,0,1,0,0,0,0,0,1,1,0,0,0,0,0,0,0,0,1,0
180,3,12,לתת,9,9,9,0.5,0,0,0,1,0,0,1,0,0,0,0,0,0,0,0,1,0,0,0
60,5,8,לב אחד,13,6,4,0.8,0,0,0,1,1,1,0,1,0,0,0,0,0,0,0,0,0,0,0
90,0,16,לתת,29,19,15,0.35,0,1,0,0,0,0,0,0,0,0,0,0,0,1,0,0,0,1,0
90,5,11,לתת,13,10,10,0.55,0,1,0,0,0,0,0,0,0,0,0,0,0,0,0,1,0,0,1
180,4,14,יד שרה,29,16,13,0.7,0,0,0,0,1,0,0,1,0,0,0,0,0,0,0,0,0,0,0
60,5,10,יד שרה,23,14,11,0.3,0,0,0,0,0,1,0,0,0,0,0,0,0,0,0,0,0,1,0
180,2,19,יד שרה,25,11,11,0.8,0,0,0,0,0,1,0,1,0,0,0,0,0,0,0,1,1,1,0
180,4,12,גדולים מהחיים,25,17,17,0.5,0,0,0,0,0,0,0,0,1,1,0,1,1,1,0,0,0,0,0
150,0,14,לתת,20,9,6,0.85,0,0,1,0,1,0,0,0,0,1,1,1,0,0,0,0,0,0,0
60,2,17,לתת,8,4,3,0.5,0,1,0,0,0,0,0,0,1,1,0,0,1,0,1,0,0,0,0
90,5,18,גדולים מהחיים,14,14,14,0.35,0,0,0,0,0,0,1,0,0,0,0,0,0,0,1,0,0,0,0
150,6,11,לתת,13,6,5,0.65,0,1,0,1,0,0,0,0,0,0,0,0,0,0,0,0,0,1,0
120,2,11,נובה,23,13,12,0.4,0,1,0,0,0,0,0,0,0,0,0,1,0,0,0,1,0,1,0
180,5,8,נובה,24,14,12,0.8,0,0,0,0,0,0,0,0,0,0,1,0,0,0,0,0,1,0,0
60,4,10,יד שרה,22,14,11,0.5,1,0,0,0,0,0,0,0,0,0,0,0,0,1,0,0,0,1,1
120,5,13,גדולים מהחיים,12,8,6,0.4,0,0,0,0,0,0,0,0,0,1,0,0,0,0,0,0,0,0,0
60,1,20,גדולים מהחיים,19,9,7,0.8,0,0,1,0,0,0,1,0,0,0,1,0,0,0,0,0,0,1,0
60,4,20,נובה,8,6,4,0.4,0,0,0,1,0,0,0,0,0,0,0,1,0,0,0,0,0,1,0
60,2,8,נובה,12,11,10,0.4,0,0,0,0,0,0,1,0,1,0,0,0,0,0,0,0,0,0,0
90,5,10,נובה,9,6,5,0.55,0,0,1,0,1,0,0,0,0,0,1,1,0,0,0,0,0,0,0
180,0,20,יד שרה,5,0,0,0.8,0,0,0,1,0,0,1,0,0,0,0,0,0,0,1,0,0,0,0
150,2,19,נובה,8,8,8,0.55,0,0,1,1,0,1,0,0,0,0,0,0,0,0,0,1,1,0,0
150,0,12,לתת,6,3,0,0.85,0,0,0,1,0,0,0,0,0,0,1,0,0,0,0,0,1,0,0
150,1,15,גדולים מהחיים,14,4,3,0.85,0,1,0,0,1,0,0,1,0,0,0,0,0,0,0,0,0,1,0
120,6,8,נובה,29,20,16,0.5,0,0,0,0,0,1,0,0,1,0,0,0,0,0,0,0,0,0,0
120,1,14,נובה,13,6,2,0.6,0,0,0,0,0,0,0,0,0,1,0,0,0,0,0,0,0,1,0
120,1,20,לתת,11,0,0,0.9,0,0,1,0,1,0,0,0,0,1,0,0,0,0,1,0,0,0,1
150,5,11,לתת,17,8,4,0.85,0,0,1,0,0,0,0,1,0,0,0,1,0,0,0,1,0,0,0
60,6,18,יד שרה,7,1,1,0.7,0,0,0,0,0,0,0,0,0,1,0,0,0,0,0,0,0,0,1
150,2,12,יד שרה,21,18,16,0.45,1,0,0,0,0,0,0,0,0,0,0,0,1,0,0,1,0,0,0
90,0,15,לב אחד,15,11,9,0.35,0,1,0,0,0,0,0,0,0,1,0,0,0,0,1,0,1,0,0
60,4,9,לב אחד,23,16,16,0.3,0,0,0,0,1,0,0,0,0,0,0,0,1,0,0,0,0,0,0
150,4,12,לתת,27,16,13,0.45,0,0,0,0,0,0,0,0,0,0,0,0,0,0,1,0,0,0,0
150,5,8,לתת,20,16,13,0.55,0,0,0,1,1,0,0,0,0,0,0,0,0,0,0,0,0,0,0
90,3,20,גדולים מהחיים,21,13,13,0.45,0,0,0,0,0,0,0,0,0,1,0,1,0,0,0,1,0,0,0
180,2,14,גדולים מהחיים,9,8,8,0.5,0,1,0,0,0,0,1,0,0,0,0,0,0,1,0,0,0,0,0
60,4,15,גדולים מהחיים,28,17,12,0.3,0,1,0,1,0,0,0,0,0,0,0,0,0,0,0,1,1,0,0
60,0,9,לב אחד,7,5,5,0.3,0,0,0,0,1,0,1,0,1,0,0,0,0,0,1,0,0,0,0
150,2,19,נובה,25,18,16,0.55,0,0,0,0,0,0,1,0,0,0,0,0,0,0,0,0,0,0,0
90,4,10,נובה,13,7,7,0.55,0,0,0,0,0,0,0,0,0,0,1,0,0,0,0,1,1,0,0
90,0,18,נובה,13,8,4,0.55,0,0,0,0,0,0,0,0,0,0,0,1,0,0,0,0,1,0,0
150,2,9,לתת,14,11,11,0.45,1,0,0,0,0,0,1,0,0,0,0,0,1,0,0,0,0,1,0
120,4,13,לתת,12,5,5,0.6,1,0,0,0,1,0,0,0,0,0,1,1,0,0,1,0,0,0,0
150,0,16,יד שרה,21,9,3,0.85,1,0,0,0,0,0,0,0,0,0,1,0,0,0,0,0,1,0,0
180,5,8,גדולים מהחיים,24,11,6,1.0,0,0,0,0,0,0,0,0,0,0,0,0,0,0,0,0,0,0,1
120,4,15,לתת,17,9,8,0.6,0,0,0,1,0,0,0,1,0,0,0,0,0,0,1,0,0,1,0
180,6,12,לתת,19,13,9,0.5,0,1,0,0,0,0,0,0,0,0,0,0,0,0,0,1,1,0,0
60,6,14,לב אחד,24,10,8,0.7,0,0,0,0,0,0,0,0,0,0,1,0,0,1,0,0,1,1,0
180,0,20,לב אחד,27,14,13,0.8,0,0,0,0,0,0,0,1,0,0,1,1,0,1,1,0,0,0,0
150,1,14,נובה,8,4,2,0.65,0,0,0,1,0,0,0,0,0,1,0,1,0,0,0,0,0,0,0
90,4,8,לתת,23,17,11,0.45,0,0,0,0,0,0,0,0,1,0,0,0,0,0,0,1,0,0,0
150,6,19,לב אחד,13,11,8,0.55,0,0,1,0,1,0,0,0,1,0,0,0,1,0,0,0,1,0,0
60,6,15,לתת,12,5,4,0.7,0,0,0,0,0,1,0,0,0,0,0,0,0,0,0,0,1,0,1
120,0,15,יד שרה,10,7,7,0.4,0,0,1,0,0,0,0,0,0,0,0,0,0,0,0,0,0,1,0
90,0,17,גדולים מהחיים,19,7,6,0.75,1,0,0,0,0,0,1,0,0,0,0,0,0,1,0,0,0,0,1
150,0,9,יד שרה,19,12,7,0.65,1,0,0,0,1,0,0,0,0,0,0,0,0,0,0,0,0,0,0
90,5,10,נובה,10,4,4,0.35,0,0,0,0,0,0,0,0,0,0,0,0,0,0,0,0,1,0,0
150,2,13,לתת,20,12,12,0.65,0,1,0,0,0,0,0,1,0,1,0,0,1,0,0,0,0,0,0
60,0,10,לתת,10,4,4,0.5,0,0,0,0,0,0,0,0,0,1,0,1,0,0,0,0,0,0,1
90,4,20,לב אחד,10,4,4,0.65,0,0,0,1,0,0,0,1,0,1,1,0,0,0,0,0,0,0,0
150,2,8,לתת,13,8,5,0.75,0,0,0,1,0,0,0,0,0,0,0,0,0,0,0,0,1,1,0
150,3,9,נובה,18,9,6,0.85,0,0,0,0,0,0,0,0,0,0,0,0,0,0,1,0,0,0,1
150,2,20,לב אחד,13,11,11,0.55,0,0,0,0,0,0,1,0,0,0,0,0,0,1,0,0,0,1,0
180,6,19,יד שרה,11,4,4,0.8,0,0,0,0,0,1,0,0,0,0,0,0,0,0,1,0,0,0,0
120,1,19,לתת,23,13,12,0.7,0,0,1,0,0,0,0,0,0,1,1,0,0,0,0,1,0,0,0
60,0,10,נובה,29,20,18,0.3,1,0,0,0,1,1,0,0,1,1,0,0,0,0,0,0,0,0,0
120,6,12,לב אחד,15,8,7,0.4,0,0,0,1,0,1,0,0,1,0,0,0,1,0,0,0,0,0,0
180,1,17,יד שרה,13,12,10,0.5,0,0,0,1,0,0,1,0,0,0,0,1,0,0,0,0,0,0,0
90,2,9,לב אחד,25,16,16,0.35,0,0,0,0,0,0,0,0,0,1,0,0,0,0,0,0,0,1,0
120,2,13,לב אחד,27,16,12,0.4,0,1,0,0,0,0,0,0,0,0,0,0,1,0,0,0,0,0,0
150,2,9,גדולים מהחיים,16,5,5,0.85,0,0,0,0,0,0,0,0,0,0,1,0,0,0,0,0,0,0,0
180,5,11,יד שרה,6,2,2,0.9,0,0,0,0,0,1,1,0,1,0,1,0,0,0,0,0,0,0,0
180,3,9,גדולים מהחיים,29,23,22,0.5,1,0,0,1,0,0,0,0,0,0,0,1,0,0,0,0,0,0,0
120,5,20,לתת,13,9,9,0.5,1,0,0,0,0,0,0,0,1,0,0,0,0,0,0,0,0,0,0
150,5,10,יד שרה,13,8,6,0.65,0,0,0,1,1,0,0,0,0,0,1,0,1,0,0,0,0,0,0
60,6,8,גדולים מהחיים,17,7,7,0.6,0,1,0,0,0,0,0,0,0,0,1,0,0,1,0,1,0,0,0
60,0,12,יד שרה,7,4,4,0.3,0,0,0,1,0,0,0,0,0,0,0,0,0,0,1,0,0,0,0
180,0,11,לב אחד,23,10,8,0.9,1,0,0,0,0,0,1,0,0,0,0,0,0,0,0,0,0,0,1
150,4,10,יד שרה,25,12,8,0.85,0,0,1,0,0,0,1,0,0,0,0,0,0,1,1,0,0,0,1
180,5,20,יד שרה,29,18,13,0.6,0,0,0,0,0,1,0,0,0,0,0,0,0,1,0,0,0,0,0
120,2,14,גדולים מהחיים,21,10,9,0.6,0,0,0,1,0,0,0,0,0,0,0,0,0,1,0,0,0,0,1
90,6,19,יד שרה,12,7,5,0.45,0,0,0,0,0,0,0,0,0,1,0,0,0,1,0,0,0,0,0
180,2,18,גדולים מהחיים,5,3,1,0.7,0,0,0,1,0,0,0,0,0,0,0,0,0,1,0,0,0,0,0
180,3,17,יד שרה,21,12,12,0.5,0,0,0,0,0,1,0,0,0,1,0,0,1,0,0,0,1,0,0
90,2,15,לתת,11,8,5,0.55,0,0,0,0,1,0,0,0,0,0,0,1,0,0,0,0,0,0,1
60,3,11,לתת,8,7,7,0.3,1,0,0,0,0,0,0,0,0,0,0,0,1,0,0,0,1,1,0
60,4,12,לתת,19,11,7,0.5,0,0,0,0,0,0,0,0,0,0,0,0,0,0,1,1,0,1,0
150,2,10,נובה,23,9,9,0.85,0,0,0,0,0,0,0,0,1,0,1,0,0,0,0,0,0,1,0
60,4,17,יד שרה,29,15,13,0.5,0,0,1,0,0,0,0,0,0,0,0,0,0,1,0,0,1,0,1
120,2,20,לב אחד,10,5,2,0.7,0,0,0,0,0,0,0,0,1,0,0,0,0,0,0,0,0,0,0
150,5,14,נובה,27,19,17,0.45,0,0,1,0,0,0,0,0,0,0,0,0,0,1,0,0,0,0,0
60,6,14,נובה,27,17,15,0.3,0,1,1,0,0,0,0,0,0,0,0,0,0,1,1,0,0,0,0
150,5,11,נובה,11,7,7,0.45,1,0,0,0,0,0,1,0,0,1,0,0,1,1,0,0,0,0,0
150,6,16,לתת,9,6,6,0.65,0,0,0,0,1,0,0,0,0,0,1,0,0,0,1,0,0,0,0
90,1,19,לתת,26,20,12,0.45,0,0,0,0,0,0,0,0,0,1,0,0,0,0,1,0,0,0,0
150,3,9,לב אחד,16,14,13,0.45,0,0,0,1,0,0,1,0,0,0,0,0,0,0,0,0,0,0,0
120,0,10,נובה,19,14,13,0.4,0,0,0,0,1,0,0,0,1,0,0,0,0,0,0,0,0,0,0
60,3,19,נובה,21,8,7,0.8,1,0,0,0,0,0,0,0,1,0,1,0,0,1,0,0,0,0,0
180,5,11,גדולים מהחיים,22,8,7,0.9,0,1,0,0,0,0,0,1,1,0,0,0,0,1,0,0,0,0,0
150,3,19,גדולים מהחיים,30,11,9,0.95,0,0,0,0,0,0,0,0,0,0,0,0,0,1,0,0,0,0,1
150,5,15,גדולים מהחיים,15,6,6,0.45,0,0,0,0,0,0,0,0,0,0,0,0,0,0,1,0,1,1,0
180,4,17,לתת,28,17,16,0.5,0,0,0,1,0,0,0,0,0,0,0,1,0,0,0,1,0,0,0
60,1,19,גדולים מהחיים,22,18,13,0.4,0,0,0,0,1,0,0,0,0,0,0,0,0,0,1,0,0,1,0
60,3,17,לתת,16,15,14,0.3,0,0,0,0,1,1,0,0,0,0,0,0,0,0,0,0,0,0,0
120,3,8,גדולים מהחיים,28,17,13,0.5,0,0,0,0,0,0,0,0,0,1,0,0,0,0,0,0,0,0,0
60,3,9,לב אחד,15,5,4,0.7,0,0,0,0,0,1,0,0,0,0,0,0,0,0,1,0,0,0,1
90,4,11,לב אחד,17,11,10,0.35,0,0,0,1,0,0,0,0,0,0,0,1,0,0,0,0,0,0,0
90,5,18,לב אחד,20,17,14,0.35,0,0,0,0,0,0,0,0,0,0,0,0,1,0,0,1,1,0,0
150,6,10,לתת,11,5,2,0.85,0,0,0,0,0,1,0,1,0,0,0,1,0,0,0,0,0,0,1
90,0,18,לב אחד,7,4,4,0.35,0,0,1,0,0,1,0,0,1,0,0,0,0,0,0,0,0,0,0
60,2,8,לתת,15,13,7,0.4,1,0,0,0,0,0,0,0,0,0,0,1,0,1,0,0,0,0,0
180,3,11,גדולים מהחיים,16,9,9,0.5,0,0,0,0,0,0,0,0,0,1,0,0,0,1,0,0,0,0,0
120,4,12,לב אחד,11,1,0,0.8,0,0,0,0,0,0,0,0,0,1,1,0,0,0,0,0,0,1,0
120,1,13,גדולים מהחיים,15,10,10,0.4,1,0,0,0,0,0,0,0,0,0,0,1,0,0,0,0,0,0,0
150,2,15,לתת,23,10,10,0.65,0,0,0,0,1,0,1,1,0,0,0,0,0,0,0,0,0,0,0
60,4,15,גדולים מהחיים,19,10,7,0.5,0,0,0,0,0,0,0,0,0,0,0,0,1,1,1,0,0,0,0
150,6,20,לב אחד,28,21,18,0.55,1,0,0,0,0,0,0,0,0,0,0,0,0,0,0,0,0,1,0
60,3,13,לתת,23,16,10,0.3,1,0,0,0,0,0,0,0,0,0,0,1,0,0,0,0,0,0,0
180,3,8,לב אחד,24,15,13,0.6,0,0,0,0,0,0,0,0,1,0,0,1,0,0,1,0,0,0,0
180,4,11,לב אחד,26,13,13,0.7,0,1,0,1,0,0,0,0,1,0,1,0,0,0,0,0,0,0,0
60,6,15,גדולים מהחיים,6,5,5,0.3,0,0,0,0,0,0,1,0,1,0,0,1,0,0,1,0,0,0,0
90,0,15,לתת,15,8,5,0.75,0,0,0,0,0,0,0,1,0,1,0,0,0,1,0,0,0,0,0
120,3,8,לב אחד,17,11,11,0.5,0,0,0,0,0,0,0,0,1,0,0,1,0,1,0,0,0,0,0
90,1,12,לב אחד,17,8,4,0.75,0,0,0,0,0,0,0,1,0,1,0,1,0,0,1,0,0,0,0
90,4,10,לתת,27,13,12,0.55,1,0,0,0,0,0,0,1,0,1,0,1,0,0,0,0,0,0,0
150,2,11,גדולים מהחיים,17,11,9,0.45,0,0,1,0,0,0,0,0,0,1,0,0,0,0,1,0,0,0,0
60,5,10,יד שרה,6,4,3,0.5,1,0,0,0,0,1,0,0,0,0,1,0,0,0,1,1,0,0,0
150,5,11,גדולים מהחיים,25,17,16,0.45,0,1,0,0,0,0,0,0,1,0,0,0,0,0,1,0,1,0,0
120,3,9,לתת,30,17,14,0.4,0,0,0,1,0,0,0,0,0,0,0,1,1,0,0,1,0,1,0
90,5,9,לב אחד,27,11,9,0.75,0,0,0,0,0,0,1,1,0,0,0,0,0,0,1,0,1,0,1
120,5,17,לב אחד,29,13,13,0.6,0,0,0,0,0,0,0,1,0,0,0,1,0,0,0,0,0,0,1
180,0,11,לב אחד,7,6,6,0.5,0,0,0,1,1,0,0,0,1,0,0,0,0,0,0,1,0,1,0
60,6,20,גדולים מהחיים,16,8,7,0.4,0,0,0,0,0,1,0,0,0,0,0,0,0,0,0,0,0,0,0
60,5,13,לב אחד,21,5,5,0.7,0,0,0,0,0,0,0,0,0,0,1,1,0,0,0,1,0,0,1
180,5,17,יד שרה,12,8,6,0.5,0,0,0,1,0,0,1,0,1,0,0,0,0,0,0,0,0,0,0
150,0,9,לתת,8,6,5,0.45,0,0,0,0,0,0,0,0,0,0,0,0,0,0,1,1,0,0,0
180,6,9,נובה,9,4,2,0.9,0,0,0,0,0,0,0,1,0,0,0,0,0,0,0,0,0,0,1
60,3,13,לתת,13,11,11,0.3,0,0,0,0,0,1,0,0,0,0,0,0,0,0,0,0,1,0,0
180,6,12,נובה,10,7,5,0.5,0,0,0,0,0,0,1,0,0,0,0,0,0,0,0,0,0,0,0
120,2,20,לתת,17,12,8,0.5,0,0,1,0,0,0,1,0,0,0,0,0,0,1,1,0,0,0,0
150,2,18,נובה,18,9,7,0.85,0,0,0,0,0,0,0,1,1,0,0,0,0,1,1,0,1,0,0
180,0,19,לתת,10,3,3,1.0,0,0,1,0,0,0,1,1,0,1,0,0,0,0,0,0,0,0,0
120,0,13,לתת,23,8,5,0.8,0,0,1,0,0,0,1,0,0,0,1,0,0,0,0,0,0,0,0
180,3,15,יד שרה,22,13,12,0.7,0,0,0,0,0,0,1,0,0,0,0,0,0,1,0,0,1,0,1
120,6,18,נובה,11,6,4,0.8,0,0,0,0,0,0,0,0,1,0,0,0,1,1,0,0,0,0,1
90,2,9,לתת,24,16,15,0.35,0,0,1,0,0,0,0,0,1,0,0,0,0,1,0,1,0,0,0
90,5,13,יד שרה,30,13,12,0.55,0,0,0,0,0,0,0,0,1,0,0,0,0,0,0,0,0,1,1
120,3,9,יד שרה,9,6,4,0.4,0,0,0,0,0,0,0,0,0,0,0,1,1,0,0,0,0,0,0
90,2,13,גדולים מהחיים,18,9,6,0.75,0,0,1,0,0,0,0,1,0,0,0,0,0,0,0,0,1,0,0
120,5,8,יד שרה,6,6,2,0.9,0,0,0,0,0,0,1,1,0,0,0,1,0,0,1,0,0,0,0
90,0,11,נובה,29,14,10,0.75,0,0,1,0,0,0,0,0,1,0,0,0,0,1,0,0,0,0,1
150,2,13,גדולים מהחיים,14,6,6,0.65,0,0,0,0,0,0,0,0,0,0,0,0,0,1,0,0,0,0,1
150,3,11,יד שרה,7,1,1,0.85,1,0,0,0,0,0,0,0,0,0,1,0,0,0,1,0,0,0,0
180,4,16,גדולים מהחיים,7,4,4,0.5,0,0,0,1,0,0,0,0,0,0,0,1,0,0,0,0,0,1,0
180,1,17,גדולים מהחיים,24,17,9,0.7,0,0,0,1,0,0,0,0,0,0,0,0,1,1,1,0,0,0,0
60,1,9,יד שרה,26,12,12,0.5,0,0,0,0,0,0,0,0,0,0,1,0,0,0,1,1,0,0,0
60,5,15,נובה,23,16,13,0.3,0,0,0,0,0,0,0,0,0,0,0,0,0,0,1,0,0,0,0
60,2,10,לתת,7,2,1,0.7,0,0,0,0,0,1,0,0,0,0,0,0,0,0,0,0,0,0,1
60,1,18,יד שרה,9,9,9,0.3,0,0,0,0,0,0,1,0,0,0,0,1,0,1,0,0,0,0,0
60,5,13,גדולים מהחיים,25,17,17,0.3,0,0,0,0,0,0,0,0,0,0,0,0,0,0,0,0,1,0,0
90,3,14,לב אחד,9,6,6,0.35,0,0,0,0,0,0,0,0,0,1,0,0,0,1,0,0,1,0,0
120,6,11,יד שרה,12,5,4,0.8,1,0,0,0,0,0,0,1,0,0,0,0,0,0,0,1,1,0,0
150,0,16,לתת,11,8,1,0.65,1,1,0,0,0,0,0,0,0,0,0,0,0,0,0,0,1,0,0
60,5,9,נובה,24,19,13,0.3,1,0,0,0,0,0,0,0,0,0,0,0,0,1,0,1,0,1,0
120,2,12,לתת,19,9,9,0.6,0,1,0,1,0,0,0,0,0,0,0,0,0,0,0,1,0,0,1
120,3,20,גדולים מהחיים,16,10,6,0.7,0,0,1,0,0,1,0,0,0,0,0,0,0,0,0,1,0,0,0
120,5,20,לתת,13,9,7,0.5,0,0,0,0,0,0,0,0,0,0,0,0,0,0,0,0,0,1,0
150,4,18,יד שרה,19,10,7,0.85,0,0,0,0,0,1,0,1,0,0,0,0,0,0,0,0,0,0,1
60,2,12,יד שרה,29,20,18,0.3,0,0,1,0,0,0,0,0,1,0,0,0,0,1,0,0,0,1,0
150,6,14,לב אחד,26,22,21,0.45,0,0,0,1,1,0,1,0,0,0,0,0,0,0,1,1,0,0,0
180,6,18,יד שרה,14,4,1,0.9,0,0,1,1,0,0,0,1,0,0,0,1,0,0,0,0,0,1,0
180,5,10,יד שרה,13,3,1,0.9,0,0,0,0,0,1,0,1,0,0,1,0,0,0,0,0,0,0,0
180,0,10,גדולים מהחיים,27,20,19,0.5,0,0,0,1,0,0,0,0,0,0,0,0,0,0,0,1,0,0,0
120,4,8,לב אחד,25,14,13,0.7,0,1,0,0,0,1,0,0,0,0,1,0,0,0,0,0,0,0,1
60,1,19,לתת,29,20,16,0.4,0,0,0,0,0,0,0,0,1,0,0,0,0,0,0,1,1,0,0
120,1,20,לב אחד,7,4,4,0.7,0,0,0,0,0,0,0,1,0,0,0,0,0,0,0,0,0,0,1
90,6,14,לתת,28,11,7,0.75,0,0,1,0,0,1,0,0,0,0,1,0,1,0,0,0,1,0,0
60,1,16,נובה,20,17,15,0.3,0,0,0,0,0,0,0,0,0,0,0,1,1,0,0,0,0,0,0
60,0,19,נובה,13,9,6,0.4,0,0,1,0,0,0,1,0,0,1,0,0,0,0,0,0,1,0,0
90,1,17,לב אחד,22,12,9,0.55,0,0,0,0,1,0,0,0,0,0,0,0,0,0,0,0,1,0,1
120,6,10,נובה,15,9,5,0.6,0,0,0,0,0,0,0,0,1,0,0,0,0,0,0,1,0,0,0
60,3,16,יד שרה,12,2,2,0.5,0,0,0,1,0,0,0,0,0,0,0,1,0,1,0,0,0,0,0
180,1,14,נובה,18,15,15,0.5,0,0,0,0,0,0,1,0,0,1,0,1,0,0,0,1,0,0,0
150,3,12,נובה,6,1,1,0.85,0,0,1,0,0,0,0,0,0,1,1,0,0,0,0,0,0,0,0
60,3,13,לב אחד,13,6,6,0.5,0,1,0,0,1,0,0,0,0,0,1,0,0,0,0,0,0,1,0
180,0,12,גדולים מהחיים,13,7,5,0.7,1,0,0,0,0,0,0,0,0,0,0,0,0,0,0,0,0,0,0
60,6,19,לב אחד,28,15,12,0.6,0,0,0,0,1,0,0,0,0,1,0,0,0,0,0,0,0,0,1
150,3,13,גדולים מהחיים,13,7,6,0.65,0,0,0,0,0,0,0,0,0,0,1,0,1,0,0,0,0,1,0
150,5,9,יד שרה,9,3,0,0.85,0,0,0,0,0,0,1,1,0,0,0,0,0,0,0,0,0,0,1
180,5,17,נובה,10,4,0,0.9,0,0,0,1,0,0,0,0,0,0,0,1,0,0,0,0,1,0,1
90,2,17,נובה,30,23,19,0.35,0,0,0,0,0,1,1,0,1,0,0,0,0,0,0,0,0,0,0
180,2,10,לתת,29,24,22,0.5,0,0,0,0,0,0,1,0,0,0,0,0,0,1,0,0,0,0,0
150,1,13,גדולים מהחיים,30,20,20,0.45,1,0,0,0,0,0,0,0,0,0,0,0,0,0,0,0,0,0,0
120,5,12,לתת,7,3,0,0.8,0,0,0,1,1,0,0,0,0,0,0,0,0,0,0,0,0,1,1
60,1,9,לב אחד,9,7,5,0.5,0,0,0,0,0,0,1,1,0,0,0,0,0,1,0,1,1,0,0
60,4,18,גדולים מהחיים,17,13,12,0.3,0,1,1,0,0,0,0,0,1,0,0,0,1,0,0,1,0,0,0
90,4,13,לב אחד,24,20,19,0.35,0,1,0,1,0,0,0,0,0,1,0,0,0,0,0,0,0,0,0
60,1,17,לב אחד,7,0,0,0.5,1,0,0,0,1,0,1,0,0,0,0,1,1,0,0,0,0,0,0
180,0,20,יד שרה,9,5,2,0.8,1,0,0,1,0,0,1,0,0,0,0,0,0,0,1,0,0,1,0
60,2,9,יד שרה,21,10,7,0.7,0,0,0,1,0,0,1,0,0,0,1,0,0,0,0,1,0,1,0
60,3,9,לב אחד,29,12,12,0.5,0,0,0,0,0,0,0,0,0,1,0,0,0,1,0,0,0,0,1
120,0,18,לב אחד,28,15,13,0.6,0,0,0,0,0,0,0,1,0,1,0,0,0,0,0,1,0,0,0
120,6,10,לתת,16,10,8,0.4,0,0,0,0,0,0,0,0,0,1,0,0,0,0,1,1,0,0,0
120,5,12,יד שרה,18,14,12,0.6,0,0,0,0,0,0,1,0,0,0,0,0,0,1,0,0,1,0,1
90,1,8,יד שרה,5,2,2,0.65,0,0,0,1,1,0,0,0,0,0,1,0,0,0,0,0,0,0,0
120,4,10,לב אחד,20,11,7,0.6,0,0,0,1,0,0,0,0,0,1,0,0,1,0,0,0,0,0,0
150,0,20,לתת,27,14,10,0.95,0,0,0,0,0,0,1,0,0,0,0,1,0,0,0,0,1,0,1
90,2,16,לתת,27,17,16,0.55,0,0,0,0,1,0,0,1,0,0,0,0,1,0,0,0,0,0,0
120,3,17,יד שרה,30,10,5,0.8,0,0,0,0,0,0,0,0,0,0,1,0,0,0,1,0,0,0,1
150,6,14,לב אחד,19,14,11,0.45,1,0,0,0,0,0,1,0,0,0,0,1,0,0,0,1,0,0,0
180,1,17,גדולים מהחיים,30,14,11,0.9,0,0,0,0,0,0,0,0,0,1,1,0,0,0,0,1,0,0,0
150,1,19,לב אחד,25,20,20,0.55,0,0,0,0,0,0,0,0,0,0,0,1,0,0,1,1,0,1,0
180,2,15,לתת,27,21,15,0.5,0,0,0,0,0,0,0,0,0,0,0,0,0,0,1,1,0,1,0
90,0,19,גדולים מהחיים,28,19,17,0.45,1,0,1,0,0,0,0,0,0,0,0,1,1,0,0,0,0,0,0
150,6,10,יד שרה,23,15,12,0.45,0,1,1,0,0,0,0,0,0,0,0,0,0,0,0,0,0,0,0
120,1,20,לתת,28,10,9,0.9,1,1,0,0,0,0,0,0,0,0,1,0,0,0,0,0,0,0,0
120,3,20,לתת,30,22,21,0.5,0,0,0,0,0,0,0,0,1,0,0,1,0,0,0,0,0,0,0
90,4,14,לתת,30,14,9,0.75,0,0,0,0,0,0,0,0,0,0,1,1,0,0,0,0,0,0,0
180,6,19,לתת,14,6,6,0.8,0,0,1,1,0,0,0,0,0,0,1,0,0,0,0,0,0,0,0
60,6,17,לתת,18,12,10,0.3,0,0,0,0,0,1,0,0,0,0,0,0,1,1,0,0,0,0,0
180,4,17,לתת,10,10,10,0.5,1,0,0,0,0,0,0,0,0,0,0,0,0,0,0,0,0,0,0
120,2,20,נובה,24,15,12,0.5,0,1,0,0,1,0,0,0,0,0,0,0,1,0,0,1,0,1,0
120,2,13,גדולים מהחיים,20,16,13,0.4,0,1,0,0,0,1,0,0,0,0,0,0,1,0,0,0,0,0,0
180,0,14,גדולים מהחיים,20,10,10,0.7,1,0,0,0,0,0,0,0,0,0,1,0,0,0,0,0,0,0,1
90,4,14,גדולים מהחיים,21,15,9,0.35,0,0,0,0,0,0,0,0,1,1,0,1,0,0,0,0,0,0,0
120,5,13,גדולים מהחיים,20,7,6,0.8,0,0,0,0,0,1,0,1,0,0,0,0,0,1,0,0,0,0,1
90,5,11,נובה,8,3,1,0.55,0,0,0,0,0,1,0,0,0,0,0,1,0,0,0,0,0,0,0
60,5,17,יד שרה,23,12,9,0.7,0,0,0,0,0,0,0,1,0,0,0,1,0,0,1,0,0,1,0
150,3,18,יד שרה,23,6,5,0.85,0,0,0,1,1,1,0,0,0,0,1,0,0,0,0,0,0,0,0
150,2,15,נובה,7,0,0,0.85,0,0,0,1,0,0,0,1,0,0,0,0,0,0,0,0,0,0,0
90,4,19,לב אחד,22,16,14,0.45,0,0,0,0,1,0,0,0,0,0,0,1,0,0,0,0,0,0,0
90,3,18,לב אחד,26,19,15,0.35,1,1,0,0,0,0,0,0,0,0,0,0,0,0,0,0,1,1,0
90,6,19,לב אחד,24,14,10,0.65,0,0,0,0,0,0,1,1,1,0,0,0,0,0,0,0,1,0,0
90,6,8,לתת,19,10,9,0.65,1,0,0,0,0,0,0,0,0,0,0,1,0,0,0,1,0,0,1
150,6,17,גדולים מהחיים,10,6,0,0.85,0,0,0,0,0,0,0,0,0,0,0,1,1,0,1,0,0,0,1
120,5,14,גדולים מהחיים,9,5,5,0.4,0,0,0,0,0,0,0,0,0,0,0,1,0,0,0,1,0,0,0
120,1,17,לב אחד,21,12,12,0.4,0,1,1,0,0,0,0,0,0,0,0,0,0,0,0,0,0,1,0
150,0,18,לתת,15,13,11,0.45,0,0,0,0,1,0,0,0,0,1,0,0,1,0,0,0,0,0,0
120,6,10,לתת,20,13,13,0.4,0,0,0,0,0,0,0,0,0,1,0,0,0,0,0,1,1,1,0
150,6,12,גדולים מהחיים,14,8,5,0.65,0,0,0,0,0,0,1,0,1,0,0,0,0,0,0,0,1,0,0
120,2,15,נובה,21,12,9,0.4,1,0,0,0,0,0,0,0,0,0,0,0,0,0,0,0,1,0,0
150,3,12,נובה,19,16,14,0.45,0,0,0,0,0,0,0,0,0,0,0,0,0,0,1,0,1,1,0
120,5,16,נובה,28,21,18,0.4,0,0,0,0,0,0,0,0,1,1,0,0,0,0,1,0,0,0,0
60,3,17,לב אחד,9,7,5,0.3,0,0,0,1,0,0,1,0,0,1,0,0,0,0,0,1,0,0,0
120,3,18,לב אחד,19,13,10,0.4,0,1,0,0,0,0,0,0,0,0,0,0,1,0,0,0,0,0,0
120,6,8,נובה,8,4,3,0.7,0,0,0,0,0,0,0,0,0,0,0,0,0,0,0,1,1,0,0
180,5,13,יד שרה,20,13,12,0.5,0,0,0,0,0,0,0,0,0,0,0,1,1,0,1,0,0,0,0
90,1,8,נובה,23,15,12,0.45,1,1,0,0,0,0,1,0,0,0,0,0,0,0,0,1,0,0,0
60,6,19,נובה,21,15,13,0.4,0,0,0,0,1,0,1,0,0,0,0,0,0,0,0,0,0,1,0
120,0,8,יד שרה,23,13,9,0.7,0,0,0,0,0,0,0,0,0,0,0,1,0,0,0,0,1,0,0
120,4,12,גדולים מהחיים,5,2,2,0.4,0,0,1,0,0,0,0,0,1,0,0,0,0,0,0,0,0,0,0
180,5,17,לב אחד,18,12,12,0.5,0,0,1,0,0,0,1,0,0,1,0,0,0,0,0,0,0,0,0
